seed,workspace,stages,degree,hparams/epoch,hparams/num_parameters,hparams/validate_best
6936.0,3.0,1.0,1.0,999.0,19.0,0.1851763129234314
6936.0,3.0,2.0,1.0,999.0,26.0,0.591709315776825
6936.0,5.0,1.0,1.0,470.0,27.0,0.007519543170928955
6936.0,5.0,2.0,1.0,540.0,38.0,0.009729385375976562
6936.0,4.0,1.0,1.0,550.0,23.0,0.006618082523345947
6936.0,4.0,2.0,1.0,999.0,32.0,0.23854774236679077
6936.0,6.0,1.0,1.0,999.0,31.0,0.5683985948562622
6936.0,6.0,2.0,1.0,350.0,44.0,0.008360147476196289
6936.0,7.0,1.0,1.0,350.0,35.0,0.0068441033363342285
6936.0,7.0,2.0,1.0,510.0,50.0,0.009948968887329102
6936.0,8.0,1.0,1.0,350.0,39.0,0.00955873727798462
6936.0,8.0,2.0,1.0,380.0,56.0,0.007988572120666504
5081.0,3.0,1.0,1.0,999.0,19.0,0.32027631998062134
5081.0,3.0,2.0,1.0,999.0,26.0,0.35344696044921875
5081.0,4.0,1.0,1.0,999.0,23.0,0.017845571041107178
5081.0,4.0,2.0,1.0,820.0,32.0,0.007816791534423828
5081.0,5.0,1.0,1.0,999.0,27.0,0.2541794180870056
5081.0,5.0,2.0,1.0,999.0,38.0,0.3340398073196411
5081.0,6.0,1.0,1.0,999.0,31.0,0.26707780361175537
5081.0,7.0,2.0,1.0,999.0,50.0,0.4134959578514099
3774.0,3.0,2.0,1.0,999.0,26.0,0.37512409687042236
3774.0,4.0,1.0,1.0,999.0,23.0,0.21552103757858276
3774.0,3.0,1.0,1.0,999.0,19.0,0.460371732711792
5081.0,8.0,2.0,1.0,999.0,56.0,0.4105360507965088
5081.0,8.0,1.0,1.0,999.0,39.0,0.30400240421295166
3774.0,5.0,1.0,1.0,610.0,27.0,0.009980618953704834
3774.0,4.0,2.0,1.0,999.0,32.0,0.2131142020225525
6936.0,7.0,1.0,2.0,999.0,35.0,0.2609694004058838
6936.0,6.0,2.0,2.0,130.0,44.0,0.00749814510345459
3774.0,5.0,1.0,2.0,210.0,27.0,0.008857488632202148
5081.0,3.0,1.0,2.0,999.0,19.0,0.012249469757080078
6936.0,3.0,1.0,2.0,999.0,19.0,0.38545292615890503
6936.0,4.0,1.0,3.0,999.0,23.0,0.34331291913986206
6936.0,6.0,2.0,3.0,250.0,44.0,0.0030044913291931152
3774.0,3.0,2.0,2.0,999.0,26.0,0.18104350566864014
6936.0,5.0,2.0,2.0,210.0,38.0,0.008658647537231445
3774.0,5.0,1.0,3.0,999.0,27.0,0.14550769329071045
5081.0,3.0,2.0,2.0,999.0,26.0,0.22741800546646118
6936.0,3.0,2.0,2.0,999.0,26.0,0.204048752784729
6936.0,7.0,2.0,2.0,130.0,50.0,0.008293688297271729
5081.0,4.0,2.0,2.0,340.0,32.0,0.007907569408416748
6936.0,8.0,1.0,2.0,999.0,39.0,0.18152368068695068
5081.0,5.0,1.0,2.0,460.0,27.0,0.009304583072662354
3774.0,3.0,1.0,2.0,999.0,19.0,0.5145523548126221
6936.0,5.0,2.0,3.0,200.0,38.0,0.009603321552276611
6936.0,6.0,2.0,4.0,999.0,44.0,0.10870921611785889
5081.0,6.0,2.0,3.0,90.0,44.0,0.006848454475402832
3774.0,4.0,2.0,2.0,999.0,32.0,0.023705482482910156
6936.0,6.0,1.0,2.0,999.0,31.0,0.2610841393470764
5081.0,5.0,2.0,2.0,190.0,38.0,0.00619739294052124
6936.0,7.0,2.0,3.0,90.0,50.0,0.007216930389404297
5081.0,6.0,2.0,4.0,999.0,44.0,0.07201510667800903
6936.0,5.0,1.0,4.0,999.0,27.0,0.14978688955307007
5081.0,3.0,1.0,3.0,999.0,19.0,0.2583615183830261
5081.0,4.0,2.0,3.0,180.0,32.0,0.007716655731201172
6936.0,3.0,1.0,3.0,999.0,19.0,0.2584710717201233
6936.0,7.0,2.0,4.0,140.0,50.0,0.006055712699890137
5081.0,6.0,1.0,3.0,999.0,31.0,0.1088985800743103
5081.0,5.0,2.0,3.0,120.0,38.0,0.004344284534454346
5081.0,4.0,1.0,3.0,999.0,23.0,0.1183273196220398
5081.0,5.0,1.0,3.0,230.0,27.0,0.00934743881225586
5081.0,8.0,1.0,2.0,940.0,39.0,0.005340397357940674
6936.0,4.0,1.0,4.0,999.0,23.0,0.23549264669418335
3774.0,5.0,2.0,3.0,999.0,38.0,0.07044881582260132
3774.0,6.0,2.0,1.0,480.0,44.0,0.008500874042510986
3774.0,7.0,1.0,1.0,500.0,35.0,0.009506583213806152
3774.0,7.0,2.0,1.0,550.0,50.0,0.009175360202789307
3774.0,8.0,1.0,1.0,570.0,39.0,0.00934833288192749
5081.0,7.0,2.0,2.0,90.0,50.0,0.0031668543815612793
6936.0,4.0,2.0,4.0,180.0,32.0,0.009141087532043457
5081.0,3.0,2.0,3.0,999.0,26.0,0.18920236825942993
6936.0,3.0,2.0,3.0,999.0,26.0,0.20904123783111572
3774.0,5.0,1.0,4.0,110.0,27.0,0.0035826563835144043
5081.0,7.0,1.0,3.0,70.0,35.0,0.00899726152420044
5081.0,7.0,2.0,3.0,80.0,50.0,0.004865467548370361
7427.0,3.0,1.0,1.0,999.0,19.0,0.33033883571624756
7427.0,3.0,2.0,1.0,999.0,26.0,0.43361884355545044
5081.0,3.0,1.0,4.0,999.0,19.0,0.05758202075958252
3774.0,3.0,1.0,3.0,999.0,19.0,0.26691126823425293
6936.0,3.0,1.0,4.0,999.0,19.0,0.23952871561050415
5081.0,7.0,2.0,4.0,50.0,50.0,0.0035530924797058105
7427.0,4.0,1.0,1.0,999.0,23.0,0.42671066522598267
7427.0,4.0,2.0,1.0,520.0,32.0,0.008694589138031006
3774.0,3.0,2.0,4.0,999.0,26.0,0.15655767917633057
7427.0,5.0,1.0,1.0,999.0,27.0,0.06596523523330688
5081.0,4.0,1.0,4.0,999.0,23.0,0.13779538869857788
6936.0,8.0,2.0,3.0,200.0,56.0,0.0016798973083496094
3774.0,7.0,1.0,2.0,560.0,35.0,0.002656698226928711
7427.0,5.0,2.0,1.0,999.0,38.0,0.1226339340209961
6936.0,7.0,1.0,4.0,60.0,35.0,0.004853606224060059
6936.0,6.0,1.0,3.0,200.0,31.0,0.008187532424926758
3774.0,6.0,2.0,2.0,999.0,44.0,0.16287529468536377
7427.0,3.0,1.0,2.0,999.0,19.0,0.27742934226989746
3774.0,8.0,2.0,2.0,999.0,56.0,0.3677167296409607
5081.0,6.0,1.0,4.0,120.0,31.0,0.00871497392654419
5081.0,3.0,2.0,4.0,999.0,26.0,0.34861165285110474
7427.0,7.0,2.0,1.0,999.0,50.0,0.3032526969909668
3774.0,8.0,1.0,2.0,410.0,39.0,0.006841301918029785
6936.0,3.0,2.0,4.0,999.0,26.0,0.2656834125518799
7427.0,8.0,2.0,1.0,470.0,56.0,0.006375014781951904
3774.0,5.0,2.0,4.0,999.0,38.0,0.06951373815536499
3774.0,7.0,2.0,2.0,130.0,50.0,0.006631672382354736
7427.0,3.0,2.0,2.0,999.0,26.0,0.2695270776748657
3774.0,6.0,1.0,3.0,130.0,31.0,0.008280456066131592
5081.0,8.0,1.0,3.0,999.0,39.0,0.20689940452575684
700.0,3.0,1.0,1.0,999.0,19.0,0.022998273372650146
3774.0,7.0,1.0,3.0,999.0,35.0,0.16613250970840454
700.0,3.0,2.0,1.0,999.0,26.0,0.38276058435440063
700.0,4.0,1.0,1.0,999.0,23.0,0.20528757572174072
3774.0,6.0,1.0,4.0,110.0,31.0,0.008157610893249512
700.0,4.0,2.0,1.0,999.0,32.0,0.5793441534042358
6936.0,8.0,2.0,4.0,190.0,56.0,0.008498549461364746
3774.0,7.0,2.0,3.0,70.0,50.0,0.009721159934997559
700.0,5.0,1.0,1.0,999.0,27.0,0.4437655806541443
7427.0,3.0,1.0,3.0,999.0,19.0,0.39103323221206665
7427.0,7.0,1.0,2.0,999.0,35.0,0.017861783504486084
3774.0,7.0,2.0,4.0,120.0,50.0,0.008188784122467041
7427.0,4.0,2.0,3.0,999.0,32.0,0.11200481653213501
5081.0,8.0,2.0,2.0,80.0,56.0,0.007368922233581543
7427.0,6.0,1.0,3.0,130.0,31.0,0.005678951740264893
3774.0,8.0,1.0,3.0,120.0,39.0,0.004354298114776611
7427.0,4.0,1.0,3.0,999.0,23.0,0.14708954095840454
700.0,3.0,1.0,2.0,999.0,19.0,0.43026697635650635
700.0,5.0,2.0,1.0,999.0,38.0,0.1725354790687561
7427.0,6.0,1.0,4.0,220.0,31.0,0.009801030158996582
5081.0,8.0,2.0,3.0,120.0,56.0,0.00870436429977417
7427.0,5.0,2.0,2.0,230.0,38.0,0.0063124895095825195
3774.0,8.0,1.0,4.0,999.0,39.0,0.10942167043685913
3774.0,6.0,2.0,3.0,90.0,44.0,0.007524073123931885
700.0,7.0,2.0,1.0,310.0,50.0,0.009343922138214111
700.0,4.0,1.0,2.0,999.0,23.0,0.08397197723388672
700.0,3.0,2.0,2.0,999.0,26.0,0.424044668674469
7427.0,3.0,1.0,4.0,999.0,19.0,0.2848108410835266
3774.0,6.0,2.0,4.0,130.0,44.0,0.0031586885452270508
7427.0,8.0,2.0,2.0,999.0,56.0,0.35619664192199707
700.0,8.0,2.0,1.0,340.0,56.0,0.009498834609985352
700.0,3.0,1.0,3.0,999.0,19.0,0.05827939510345459
7427.0,5.0,2.0,3.0,330.0,38.0,0.009031295776367188
7427.0,6.0,2.0,3.0,250.0,44.0,0.00559920072555542
5081.0,8.0,2.0,4.0,310.0,56.0,0.0003446340560913086
1664.0,3.0,1.0,1.0,999.0,19.0,0.4136996269226074
1664.0,3.0,2.0,1.0,999.0,26.0,0.2828395962715149
7427.0,8.0,1.0,3.0,140.0,39.0,0.0059937238693237305
700.0,5.0,1.0,2.0,410.0,27.0,0.006310820579528809
6936.0,8.0,1.0,3.0,90.0,39.0,0.009970426559448242
700.0,4.0,2.0,2.0,550.0,32.0,0.008866548538208008
3774.0,7.0,1.0,4.0,999.0,35.0,0.19260740280151367
7427.0,4.0,1.0,4.0,999.0,23.0,0.20279616117477417
7427.0,3.0,2.0,4.0,999.0,26.0,0.0181581974029541
7427.0,4.0,2.0,4.0,999.0,32.0,0.15095305442810059
7427.0,6.0,2.0,4.0,90.0,44.0,0.007522284984588623
7427.0,8.0,1.0,4.0,999.0,39.0,0.11610114574432373
7427.0,5.0,2.0,4.0,999.0,38.0,0.11896294355392456
700.0,6.0,2.0,2.0,130.0,44.0,0.008375585079193115
6936.0,8.0,1.0,4.0,999.0,39.0,0.05213356018066406
1664.0,4.0,1.0,1.0,999.0,23.0,0.23963600397109985
700.0,3.0,1.0,4.0,999.0,19.0,0.34734606742858887
700.0,5.0,1.0,3.0,190.0,27.0,0.009220123291015625
700.0,6.0,1.0,3.0,130.0,31.0,0.007453620433807373
5081.0,8.0,1.0,4.0,120.0,39.0,0.003829658031463623
700.0,4.0,1.0,3.0,999.0,23.0,0.11154216527938843
7427.0,7.0,1.0,3.0,130.0,35.0,0.006385445594787598
700.0,7.0,2.0,2.0,180.0,50.0,0.009501516819000244
700.0,6.0,1.0,4.0,120.0,31.0,0.004290342330932617
700.0,8.0,2.0,2.0,140.0,56.0,0.006353259086608887
700.0,3.0,2.0,3.0,670.0,26.0,0.007046520709991455
700.0,6.0,2.0,3.0,370.0,44.0,0.002624332904815674
700.0,7.0,1.0,3.0,999.0,35.0,0.27569353580474854
700.0,5.0,1.0,4.0,220.0,27.0,0.0072907209396362305
700.0,4.0,2.0,3.0,999.0,32.0,0.04771310091018677
7427.0,7.0,2.0,2.0,210.0,50.0,0.008959412574768066
1664.0,5.0,1.0,1.0,540.0,27.0,0.009761571884155273
1664.0,5.0,2.0,1.0,999.0,38.0,0.5904657244682312
700.0,5.0,2.0,2.0,999.0,38.0,0.17456179857254028
1664.0,3.0,2.0,2.0,999.0,26.0,0.2715386152267456
7427.0,7.0,1.0,4.0,999.0,35.0,0.15777432918548584
1664.0,6.0,1.0,1.0,850.0,31.0,0.008006274700164795
1664.0,3.0,1.0,2.0,999.0,19.0,0.08730465173721313
700.0,8.0,2.0,3.0,70.0,56.0,0.008971452713012695
1664.0,7.0,1.0,1.0,500.0,35.0,0.009181499481201172
700.0,7.0,2.0,3.0,70.0,50.0,0.008208394050598145
700.0,8.0,2.0,4.0,999.0,56.0,0.06346017122268677
7427.0,7.0,2.0,3.0,220.0,50.0,0.004969239234924316
1664.0,4.0,2.0,2.0,999.0,32.0,0.07829606533050537
3774.0,8.0,2.0,3.0,210.0,56.0,0.0016089081764221191
1664.0,5.0,1.0,2.0,999.0,27.0,0.35796648263931274
1664.0,4.0,1.0,2.0,999.0,23.0,0.16563868522644043
700.0,6.0,2.0,4.0,999.0,44.0,0.10496443510055542
700.0,8.0,1.0,3.0,999.0,39.0,0.21455544233322144
700.0,4.0,1.0,4.0,999.0,23.0,0.07164978981018066
700.0,7.0,2.0,4.0,999.0,50.0,0.06372988224029541
1664.0,8.0,2.0,1.0,540.0,56.0,0.007651209831237793
7262.0,3.0,1.0,1.0,999.0,19.0,0.39974695444107056
1664.0,3.0,2.0,3.0,999.0,26.0,0.25134706497192383
1664.0,7.0,1.0,2.0,999.0,35.0,0.23026615381240845
7262.0,3.0,2.0,1.0,999.0,26.0,0.37944960594177246
7427.0,7.0,2.0,4.0,70.0,50.0,0.005245983600616455
7262.0,4.0,1.0,1.0,999.0,23.0,0.25738847255706787
3774.0,8.0,2.0,4.0,50.0,56.0,0.0018671751022338867
1664.0,3.0,1.0,3.0,999.0,19.0,0.2709406614303589
7262.0,4.0,2.0,1.0,999.0,32.0,0.171400785446167
1664.0,6.0,1.0,2.0,150.0,31.0,0.009285807609558105
1664.0,5.0,2.0,2.0,210.0,38.0,0.006400108337402344
7262.0,3.0,1.0,2.0,999.0,19.0,0.2870446443557739
1664.0,5.0,1.0,3.0,370.0,27.0,0.006131112575531006
7262.0,5.0,2.0,1.0,999.0,38.0,0.2566056251525879
1664.0,4.0,1.0,3.0,999.0,23.0,0.1796998381614685
1664.0,6.0,1.0,3.0,130.0,31.0,0.0075688958168029785
1664.0,4.0,2.0,3.0,190.0,32.0,0.008444547653198242
7262.0,6.0,1.0,1.0,999.0,31.0,0.4873056411743164
700.0,5.0,2.0,3.0,999.0,38.0,0.10276633501052856
1664.0,5.0,2.0,3.0,190.0,38.0,0.009159386157989502
1664.0,6.0,1.0,4.0,999.0,31.0,0.14695215225219727
700.0,7.0,1.0,4.0,160.0,35.0,0.0027970075607299805
1664.0,3.0,2.0,4.0,999.0,26.0,0.08745479583740234
1664.0,5.0,1.0,4.0,999.0,27.0,0.22190958261489868
7262.0,5.0,1.0,2.0,500.0,27.0,0.006645023822784424
1664.0,7.0,2.0,3.0,70.0,50.0,0.009226977825164795
1664.0,6.0,2.0,2.0,190.0,44.0,0.00950467586517334
7262.0,7.0,1.0,1.0,510.0,35.0,0.008836328983306885
1664.0,5.0,2.0,4.0,400.0,38.0,0.0092393159866333
1664.0,8.0,1.0,2.0,120.0,39.0,0.005364179611206055
7262.0,3.0,2.0,2.0,999.0,26.0,0.20069730281829834
1664.0,7.0,2.0,4.0,80.0,50.0,0.008117854595184326
7262.0,3.0,1.0,3.0,999.0,19.0,0.2658464312553406
7427.0,8.0,2.0,3.0,999.0,56.0,0.4181945323944092
7262.0,4.0,1.0,2.0,999.0,23.0,0.13127648830413818
1664.0,6.0,2.0,3.0,80.0,44.0,0.006545364856719971
7262.0,8.0,2.0,1.0,360.0,56.0,0.007860839366912842
1664.0,7.0,1.0,3.0,999.0,35.0,0.18462872505187988
1664.0,3.0,1.0,4.0,999.0,19.0,0.11538958549499512
499.0,3.0,1.0,1.0,999.0,19.0,0.2637931704521179
1664.0,4.0,1.0,4.0,999.0,23.0,0.12577080726623535
7262.0,5.0,1.0,3.0,999.0,27.0,0.08645617961883545
1664.0,6.0,2.0,4.0,90.0,44.0,0.00740128755569458
499.0,3.0,2.0,1.0,999.0,26.0,0.5312093496322632
1664.0,8.0,1.0,4.0,999.0,39.0,0.25279098749160767
7262.0,7.0,1.0,2.0,999.0,35.0,0.4447213411331177
499.0,4.0,1.0,1.0,999.0,23.0,0.2653927206993103
499.0,4.0,2.0,1.0,999.0,32.0,0.33443188667297363
499.0,5.0,1.0,1.0,999.0,27.0,0.02200937271118164
7262.0,3.0,1.0,4.0,999.0,19.0,0.09910792112350464
1664.0,8.0,2.0,2.0,100.0,56.0,0.007378697395324707
7262.0,3.0,2.0,3.0,999.0,26.0,0.38963162899017334
7262.0,5.0,2.0,2.0,270.0,38.0,0.009508907794952393
700.0,8.0,1.0,4.0,999.0,39.0,0.10191261768341064
499.0,6.0,1.0,1.0,640.0,31.0,0.009151041507720947
499.0,3.0,1.0,2.0,999.0,19.0,0.426965594291687
7262.0,6.0,1.0,3.0,110.0,31.0,0.006147801876068115
1664.0,8.0,2.0,3.0,320.0,56.0,0.0021742582321166992
700.0,5.0,2.0,4.0,130.0,38.0,0.006933450698852539
499.0,7.0,1.0,1.0,999.0,35.0,0.3595970869064331
499.0,3.0,2.0,2.0,999.0,26.0,0.390993595123291
7262.0,8.0,2.0,2.0,80.0,56.0,0.0070053935050964355
499.0,7.0,2.0,1.0,320.0,50.0,0.009668886661529541
499.0,8.0,1.0,1.0,860.0,39.0,0.0038643479347229004
7262.0,5.0,1.0,4.0,190.0,27.0,0.005640804767608643
7262.0,6.0,2.0,4.0,999.0,44.0,0.08205056190490723
499.0,8.0,2.0,1.0,480.0,56.0,0.008489429950714111
7262.0,8.0,2.0,3.0,70.0,56.0,0.0026483535766601562
499.0,4.0,2.0,2.0,390.0,32.0,0.0078011155128479
7262.0,5.0,2.0,4.0,130.0,38.0,0.007521212100982666
1664.0,7.0,1.0,4.0,999.0,35.0,0.26436519622802734
9736.0,3.0,1.0,1.0,999.0,19.0,0.3872549533843994
9736.0,3.0,2.0,1.0,999.0,26.0,0.3746178150177002
499.0,5.0,1.0,2.0,999.0,27.0,0.165291428565979
7262.0,8.0,2.0,4.0,100.0,56.0,0.002805471420288086
499.0,3.0,1.0,3.0,999.0,19.0,0.09732961654663086
499.0,6.0,1.0,2.0,350.0,31.0,0.007022559642791748
9736.0,4.0,1.0,1.0,999.0,23.0,0.3120375871658325
499.0,4.0,1.0,3.0,999.0,23.0,0.09994107484817505
9736.0,4.0,2.0,1.0,999.0,32.0,0.5777536034584045
7262.0,7.0,1.0,3.0,140.0,35.0,0.006168186664581299
9736.0,5.0,1.0,1.0,510.0,27.0,0.009379863739013672
7262.0,3.0,2.0,4.0,999.0,26.0,0.09843569993972778
499.0,4.0,2.0,3.0,240.0,32.0,0.009895741939544678
7262.0,7.0,1.0,4.0,540.0,35.0,0.0025234222412109375
499.0,6.0,2.0,2.0,150.0,44.0,0.008235812187194824
9736.0,5.0,2.0,1.0,999.0,38.0,0.5404276251792908
7262.0,7.0,2.0,3.0,110.0,50.0,0.00687098503112793
499.0,7.0,2.0,2.0,180.0,50.0,0.009670794010162354
499.0,4.0,2.0,4.0,220.0,32.0,0.008362054824829102
499.0,6.0,1.0,3.0,999.0,31.0,0.10823512077331543
9736.0,3.0,1.0,2.0,999.0,19.0,0.0832865834236145
499.0,6.0,2.0,3.0,90.0,44.0,0.007852673530578613
499.0,3.0,1.0,4.0,999.0,19.0,0.23070889711380005
7262.0,7.0,2.0,4.0,60.0,50.0,0.003980457782745361
499.0,5.0,2.0,3.0,120.0,38.0,0.008532106876373291
1664.0,8.0,2.0,4.0,999.0,56.0,0.12029445171356201
499.0,6.0,2.0,4.0,90.0,44.0,0.003709852695465088
9736.0,3.0,2.0,2.0,999.0,26.0,0.46868896484375
499.0,5.0,2.0,4.0,100.0,38.0,0.007123887538909912
9736.0,4.0,1.0,2.0,999.0,23.0,0.18835145235061646
9736.0,7.0,1.0,1.0,670.0,35.0,0.009690701961517334
499.0,4.0,1.0,4.0,999.0,23.0,0.2353203296661377
499.0,7.0,1.0,2.0,180.0,35.0,0.005337119102478027
499.0,8.0,2.0,2.0,120.0,56.0,0.004754841327667236
9736.0,7.0,2.0,1.0,470.0,50.0,0.009163856506347656
7262.0,8.0,1.0,3.0,950.0,39.0,0.004124999046325684
9736.0,5.0,1.0,3.0,280.0,27.0,0.009763240814208984
499.0,7.0,2.0,3.0,120.0,50.0,0.0025385022163391113
9736.0,4.0,2.0,2.0,770.0,32.0,0.009261488914489746
9736.0,8.0,2.0,1.0,430.0,56.0,0.007260382175445557
6654.0,3.0,1.0,1.0,999.0,19.0,0.36085158586502075
499.0,8.0,1.0,2.0,250.0,39.0,0.006065845489501953
499.0,7.0,1.0,3.0,220.0,35.0,0.0073770880699157715
9736.0,3.0,1.0,3.0,999.0,19.0,0.28326916694641113
6654.0,3.0,2.0,1.0,999.0,26.0,0.5219442844390869
6654.0,4.0,1.0,1.0,999.0,23.0,0.34846919775009155
6654.0,4.0,2.0,1.0,999.0,32.0,0.5990697741508484
499.0,8.0,2.0,3.0,50.0,56.0,0.0038480162620544434
6654.0,5.0,1.0,1.0,999.0,27.0,0.16855788230895996
9736.0,6.0,1.0,2.0,290.0,31.0,0.008691370487213135
499.0,7.0,2.0,4.0,110.0,50.0,0.0008894205093383789
499.0,8.0,2.0,4.0,430.0,56.0,0.003237783908843994
7427.0,8.0,2.0,4.0,600.0,56.0,0.005209863185882568
6654.0,6.0,1.0,1.0,640.0,31.0,0.0082474946975708
499.0,7.0,1.0,4.0,999.0,35.0,0.0758170485496521
6654.0,3.0,1.0,2.0,999.0,19.0,0.25931841135025024
9736.0,6.0,1.0,3.0,999.0,31.0,0.10265052318572998
499.0,8.0,1.0,3.0,999.0,39.0,0.19764834642410278
9736.0,3.0,2.0,3.0,999.0,26.0,0.21535742282867432
9736.0,7.0,1.0,2.0,100.0,35.0,0.00884544849395752
499.0,6.0,1.0,4.0,999.0,31.0,0.074665367603302
6654.0,7.0,2.0,1.0,999.0,50.0,0.5459972023963928
6654.0,8.0,1.0,1.0,650.0,39.0,0.009729623794555664
9736.0,7.0,2.0,2.0,999.0,50.0,0.36936724185943604
9736.0,7.0,1.0,3.0,100.0,35.0,0.00799793004989624
9736.0,3.0,1.0,4.0,999.0,19.0,0.0842854380607605
9736.0,8.0,1.0,2.0,999.0,39.0,0.17944824695587158
6654.0,8.0,2.0,1.0,500.0,56.0,0.008428215980529785
9736.0,7.0,1.0,4.0,999.0,35.0,0.04709672927856445
6654.0,3.0,2.0,2.0,999.0,26.0,0.2597275376319885
6654.0,5.0,2.0,2.0,280.0,38.0,0.009870409965515137
6654.0,4.0,1.0,2.0,260.0,23.0,0.008651196956634521
6654.0,3.0,1.0,3.0,999.0,19.0,0.13669633865356445
6654.0,4.0,1.0,3.0,999.0,23.0,0.17847150564193726
6654.0,5.0,1.0,2.0,999.0,27.0,0.021312475204467773
9736.0,5.0,2.0,4.0,140.0,38.0,0.009691238403320312
6654.0,5.0,2.0,3.0,150.0,38.0,0.006395936012268066
6654.0,4.0,2.0,3.0,260.0,32.0,0.005854010581970215
9736.0,6.0,2.0,2.0,390.0,44.0,0.009820759296417236
9736.0,4.0,2.0,4.0,999.0,32.0,0.08623665571212769
6654.0,7.0,1.0,2.0,999.0,35.0,0.20340728759765625
9736.0,8.0,2.0,2.0,120.0,56.0,0.005622267723083496
9736.0,3.0,2.0,4.0,999.0,26.0,0.12619394063949585
6654.0,5.0,2.0,4.0,120.0,38.0,0.009385406970977783
6654.0,4.0,2.0,4.0,999.0,32.0,0.14396369457244873
9736.0,6.0,1.0,4.0,999.0,31.0,0.09787964820861816
6654.0,3.0,1.0,4.0,999.0,19.0,0.19392931461334229
6654.0,3.0,2.0,3.0,999.0,26.0,0.06296724081039429
6654.0,6.0,1.0,3.0,999.0,31.0,0.15675842761993408
6654.0,6.0,2.0,2.0,120.0,44.0,0.006713509559631348
9736.0,8.0,2.0,3.0,80.0,56.0,0.0016474723815917969
6654.0,4.0,1.0,4.0,999.0,23.0,0.21523040533065796
7262.0,8.0,1.0,4.0,60.0,39.0,0.009884178638458252
6654.0,6.0,2.0,4.0,999.0,44.0,0.11725234985351562
6654.0,5.0,1.0,3.0,999.0,27.0,0.10674291849136353
9736.0,8.0,2.0,4.0,50.0,56.0,0.000980675220489502
6654.0,3.0,2.0,4.0,999.0,26.0,0.2548532485961914
9736.0,6.0,2.0,4.0,340.0,44.0,0.0029677748680114746
9736.0,7.0,2.0,3.0,120.0,50.0,0.0029684901237487793
499.0,8.0,1.0,4.0,210.0,39.0,0.0025517940521240234
9736.0,8.0,1.0,3.0,100.0,39.0,0.001687169075012207
6654.0,8.0,2.0,2.0,70.0,56.0,0.009416937828063965
6654.0,7.0,1.0,3.0,530.0,35.0,0.0037822723388671875
6654.0,8.0,1.0,3.0,999.0,39.0,0.22736525535583496
9736.0,8.0,1.0,4.0,580.0,39.0,0.0010182857513427734
6654.0,6.0,1.0,4.0,999.0,31.0,0.19518673419952393
6654.0,5.0,1.0,4.0,400.0,27.0,0.0077095627784729
6654.0,8.0,2.0,3.0,300.0,56.0,0.00688624382019043
6654.0,7.0,1.0,4.0,999.0,35.0,0.07169336080551147
6654.0,7.0,2.0,3.0,60.0,50.0,0.006312966346740723
6654.0,7.0,2.0,4.0,250.0,50.0,0.009932339191436768
6654.0,8.0,2.0,4.0,50.0,56.0,0.0025669336318969727
6654.0,8.0,1.0,4.0,999.0,39.0,0.10827767848968506
6936.0,3.0,3.0,1.0,999.0,33.0,0.21495091915130615
6936.0,4.0,3.0,1.0,999.0,41.0,0.5663029551506042
6936.0,4.0,4.0,1.0,999.0,50.0,0.3128226399421692
6936.0,3.0,4.0,1.0,999.0,40.0,0.3223915100097656
6936.0,5.0,4.0,1.0,800.0,60.0,0.009916841983795166
6936.0,6.0,3.0,1.0,400.0,57.0,0.006805300712585449
6936.0,6.0,4.0,1.0,300.0,70.0,0.008130431175231934
6936.0,7.0,4.0,1.0,320.0,80.0,0.009066402912139893
6936.0,7.0,3.0,1.0,950.0,65.0,0.00915825366973877
6936.0,8.0,3.0,1.0,999.0,73.0,0.2863290309906006
5081.0,3.0,3.0,1.0,999.0,33.0,0.40255284309387207
6936.0,8.0,4.0,1.0,230.0,90.0,0.009180605411529541
5081.0,3.0,4.0,1.0,999.0,40.0,0.5375882983207703
5081.0,4.0,4.0,1.0,999.0,50.0,0.12738358974456787
5081.0,4.0,3.0,1.0,999.0,41.0,0.17260664701461792
5081.0,7.0,3.0,1.0,310.0,65.0,0.009667158126831055
5081.0,7.0,4.0,1.0,740.0,80.0,0.005530893802642822
5081.0,8.0,3.0,1.0,350.0,73.0,0.008921682834625244
5081.0,8.0,4.0,1.0,999.0,90.0,0.293079137802124
3774.0,3.0,3.0,1.0,999.0,33.0,0.5229041576385498
3774.0,3.0,4.0,1.0,999.0,40.0,0.18325364589691162
3774.0,4.0,4.0,1.0,999.0,50.0,0.350350558757782
3774.0,5.0,3.0,1.0,999.0,49.0,0.3561398386955261
3774.0,5.0,4.0,1.0,350.0,60.0,0.009770870208740234
6936.0,6.0,3.0,2.0,150.0,57.0,0.006089925765991211
5081.0,6.0,3.0,2.0,170.0,57.0,0.008280396461486816
3774.0,5.0,4.0,2.0,180.0,60.0,0.006567478179931641
6936.0,6.0,4.0,2.0,160.0,70.0,0.004243135452270508
6936.0,3.0,3.0,2.0,999.0,33.0,0.3280864953994751
6936.0,8.0,4.0,2.0,999.0,90.0,0.07935160398483276
5081.0,6.0,4.0,2.0,270.0,70.0,0.006121695041656494
6936.0,5.0,3.0,2.0,999.0,49.0,0.0758330225944519
5081.0,8.0,3.0,2.0,999.0,73.0,0.435152530670166
6936.0,6.0,3.0,3.0,999.0,57.0,0.07044738531112671
6936.0,7.0,4.0,2.0,120.0,80.0,0.00865483283996582
5081.0,5.0,4.0,2.0,220.0,60.0,0.0065634846687316895
5081.0,6.0,3.0,3.0,999.0,57.0,0.07542306184768677
3774.0,3.0,3.0,2.0,999.0,33.0,0.04892963171005249
5081.0,3.0,4.0,2.0,999.0,40.0,0.3049672245979309
5081.0,7.0,3.0,3.0,100.0,65.0,0.007892489433288574
5081.0,3.0,3.0,2.0,999.0,33.0,0.23345530033111572
3774.0,5.0,4.0,3.0,999.0,60.0,0.06948411464691162
3774.0,3.0,4.0,2.0,999.0,40.0,0.016337931156158447
5081.0,4.0,3.0,2.0,270.0,41.0,0.007908761501312256
5081.0,7.0,3.0,4.0,180.0,65.0,0.0025878548622131348
6936.0,7.0,4.0,3.0,90.0,80.0,0.008731663227081299
6936.0,6.0,4.0,4.0,999.0,70.0,0.06797868013381958
5081.0,5.0,4.0,3.0,120.0,60.0,0.009645223617553711
5081.0,6.0,4.0,3.0,80.0,70.0,0.0068596601486206055
5081.0,4.0,4.0,2.0,230.0,50.0,0.0059282779693603516
6936.0,5.0,4.0,2.0,999.0,60.0,0.12242239713668823
5081.0,6.0,4.0,4.0,999.0,70.0,0.06892812252044678
3774.0,5.0,3.0,2.0,200.0,49.0,0.008430302143096924
5081.0,5.0,3.0,3.0,999.0,49.0,0.09145408868789673
6936.0,7.0,4.0,4.0,999.0,80.0,0.09934180974960327
6936.0,3.0,3.0,3.0,550.0,33.0,0.009678781032562256
5081.0,4.0,3.0,3.0,999.0,41.0,0.07837408781051636
5081.0,5.0,4.0,4.0,999.0,60.0,0.09027129411697388
3774.0,4.0,4.0,3.0,180.0,50.0,0.00895756483078003
6936.0,4.0,3.0,2.0,480.0,41.0,0.007236480712890625
3774.0,6.0,3.0,1.0,650.0,57.0,0.009932518005371094
3774.0,5.0,3.0,3.0,120.0,49.0,0.004401266574859619
3774.0,3.0,3.0,3.0,999.0,33.0,0.020092427730560303
3774.0,4.0,4.0,4.0,180.0,50.0,0.007884502410888672
5081.0,3.0,4.0,3.0,999.0,40.0,0.2064518928527832
6936.0,3.0,3.0,4.0,999.0,33.0,0.30079108476638794
3774.0,4.0,3.0,3.0,999.0,41.0,0.1364908218383789
5081.0,7.0,4.0,2.0,190.0,80.0,0.005998194217681885
3774.0,6.0,4.0,1.0,630.0,70.0,0.008290469646453857
6936.0,7.0,3.0,2.0,310.0,65.0,0.0029587149620056152
3774.0,7.0,3.0,1.0,440.0,65.0,0.00765305757522583
3774.0,7.0,4.0,1.0,999.0,80.0,0.3779715299606323
5081.0,3.0,3.0,3.0,999.0,33.0,0.36389636993408203
6936.0,6.0,3.0,4.0,999.0,57.0,0.08704352378845215
6936.0,5.0,3.0,4.0,90.0,49.0,0.009354114532470703
6936.0,4.0,3.0,3.0,400.0,41.0,0.008535921573638916
5081.0,7.0,4.0,3.0,90.0,80.0,0.006109654903411865
5081.0,6.0,3.0,4.0,90.0,57.0,0.00974947214126587
5081.0,4.0,3.0,4.0,550.0,41.0,0.009173333644866943
3774.0,3.0,3.0,4.0,999.0,33.0,0.07972031831741333
7427.0,3.0,3.0,1.0,999.0,33.0,0.0315362811088562
6936.0,7.0,3.0,3.0,999.0,65.0,0.07814973592758179
3774.0,5.0,4.0,4.0,130.0,60.0,0.009904921054840088
5081.0,7.0,4.0,4.0,410.0,80.0,0.0007545351982116699
3774.0,6.0,3.0,2.0,160.0,57.0,0.007159113883972168
5081.0,3.0,4.0,4.0,999.0,40.0,0.11186456680297852
3774.0,7.0,3.0,2.0,590.0,65.0,0.006134092807769775
6936.0,3.0,4.0,3.0,560.0,40.0,0.009624361991882324
7427.0,3.0,4.0,1.0,999.0,40.0,0.013662278652191162
3774.0,3.0,4.0,4.0,480.0,40.0,0.009968936443328857
7427.0,4.0,3.0,1.0,999.0,41.0,0.2566230893135071
3774.0,6.0,3.0,3.0,999.0,57.0,0.06816589832305908
6936.0,4.0,3.0,4.0,540.0,41.0,0.0073236823081970215
3774.0,6.0,4.0,2.0,210.0,70.0,0.0036777853965759277
6936.0,5.0,4.0,3.0,130.0,60.0,0.007888376712799072
5081.0,8.0,3.0,3.0,999.0,73.0,0.06935548782348633
5081.0,8.0,4.0,2.0,140.0,90.0,0.0068146586418151855
7427.0,5.0,3.0,1.0,690.0,49.0,0.009874939918518066
7427.0,5.0,4.0,1.0,380.0,60.0,0.008243322372436523
6936.0,5.0,4.0,4.0,999.0,60.0,0.0751151442527771
7427.0,3.0,3.0,2.0,999.0,33.0,0.24352461099624634
5081.0,3.0,3.0,4.0,740.0,33.0,0.007171511650085449
7427.0,6.0,3.0,1.0,999.0,57.0,0.4166133999824524
7427.0,6.0,4.0,1.0,320.0,70.0,0.008741974830627441
7427.0,7.0,3.0,1.0,630.0,65.0,0.009328246116638184
7427.0,7.0,4.0,1.0,999.0,80.0,0.348641037940979
6936.0,8.0,3.0,2.0,220.0,73.0,0.00911247730255127
3774.0,8.0,4.0,2.0,130.0,90.0,0.0053746700286865234
7427.0,8.0,3.0,1.0,830.0,73.0,0.007433593273162842
5081.0,8.0,4.0,3.0,999.0,90.0,0.1073119044303894
7427.0,8.0,4.0,1.0,260.0,90.0,0.00921320915222168
3774.0,8.0,3.0,2.0,999.0,73.0,0.12496984004974365
700.0,3.0,3.0,1.0,999.0,33.0,0.23293006420135498
7427.0,5.0,4.0,2.0,140.0,60.0,0.009945273399353027
3774.0,7.0,3.0,3.0,999.0,65.0,0.07852154970169067
700.0,3.0,4.0,1.0,999.0,40.0,0.36757194995880127
7427.0,3.0,4.0,2.0,999.0,40.0,0.1958945393562317
700.0,4.0,3.0,1.0,999.0,41.0,0.10981297492980957
3774.0,8.0,4.0,3.0,70.0,90.0,0.0009017586708068848
700.0,4.0,4.0,1.0,999.0,50.0,0.21671557426452637
7427.0,4.0,4.0,2.0,270.0,50.0,0.007792830467224121
7427.0,4.0,3.0,2.0,999.0,41.0,0.019636929035186768
7427.0,5.0,4.0,3.0,999.0,60.0,0.07270359992980957
7427.0,3.0,3.0,3.0,999.0,33.0,0.29700547456741333
3774.0,8.0,4.0,4.0,170.0,90.0,0.0036069750785827637
7427.0,5.0,3.0,2.0,230.0,49.0,0.006317079067230225
6936.0,8.0,4.0,3.0,130.0,90.0,0.007187485694885254
700.0,5.0,3.0,1.0,850.0,49.0,0.008126318454742432
6936.0,8.0,3.0,3.0,999.0,73.0,0.06897246837615967
700.0,5.0,4.0,1.0,999.0,60.0,0.1170344352722168
7427.0,5.0,3.0,3.0,170.0,49.0,0.006743311882019043
700.0,3.0,3.0,2.0,999.0,33.0,0.16264081001281738
7427.0,6.0,4.0,3.0,200.0,70.0,0.006951570510864258
3774.0,7.0,4.0,2.0,999.0,80.0,0.10428810119628906
7427.0,8.0,4.0,2.0,999.0,90.0,0.08066028356552124
7427.0,4.0,4.0,4.0,180.0,50.0,0.008100271224975586
6936.0,8.0,4.0,4.0,999.0,90.0,0.07167941331863403
7427.0,7.0,3.0,2.0,170.0,65.0,0.0056743621826171875
7427.0,5.0,3.0,4.0,160.0,49.0,0.009995460510253906
700.0,3.0,4.0,2.0,999.0,40.0,0.3467528223991394
3774.0,6.0,3.0,4.0,999.0,57.0,0.13739335536956787
700.0,6.0,3.0,1.0,999.0,57.0,0.1217871904373169
7427.0,3.0,3.0,4.0,999.0,33.0,0.2076675295829773
6936.0,7.0,3.0,4.0,999.0,65.0,0.06860470771789551
700.0,6.0,4.0,1.0,740.0,70.0,0.007037937641143799
7427.0,3.0,4.0,3.0,320.0,40.0,0.006246328353881836
7427.0,6.0,4.0,4.0,999.0,70.0,0.06835174560546875
700.0,7.0,4.0,1.0,999.0,80.0,0.25597310066223145
7427.0,7.0,3.0,3.0,999.0,65.0,0.10348701477050781
700.0,8.0,3.0,1.0,260.0,73.0,0.009413659572601318
7427.0,4.0,3.0,3.0,140.0,41.0,0.007236480712890625
7427.0,6.0,3.0,2.0,120.0,57.0,0.00810939073562622
700.0,3.0,3.0,3.0,999.0,33.0,0.12152564525604248
7427.0,3.0,4.0,4.0,460.0,40.0,0.007767200469970703
700.0,4.0,4.0,2.0,999.0,50.0,0.0070601701736450195
7427.0,6.0,3.0,3.0,70.0,57.0,0.00781017541885376
7427.0,5.0,4.0,4.0,999.0,60.0,0.07055556774139404
7427.0,8.0,3.0,2.0,180.0,73.0,0.006394684314727783
7427.0,6.0,3.0,4.0,70.0,57.0,0.006136894226074219
700.0,8.0,4.0,1.0,999.0,90.0,0.31210410594940186
700.0,3.0,4.0,3.0,510.0,40.0,0.009646773338317871
1664.0,3.0,3.0,1.0,999.0,33.0,0.48789143562316895
5081.0,8.0,3.0,4.0,40.0,73.0,0.009209692478179932
1664.0,3.0,4.0,1.0,999.0,40.0,0.4324783682823181
3774.0,7.0,3.0,4.0,999.0,65.0,0.0703079104423523
1664.0,4.0,3.0,1.0,999.0,41.0,0.06788390874862671
1664.0,4.0,4.0,1.0,999.0,50.0,0.03615975379943848
700.0,5.0,3.0,2.0,260.0,49.0,0.006709396839141846
7427.0,8.0,3.0,3.0,80.0,73.0,0.008436262607574463
700.0,3.0,3.0,4.0,999.0,33.0,0.2084444761276245
7427.0,7.0,4.0,2.0,999.0,80.0,0.10863924026489258
700.0,8.0,3.0,2.0,110.0,73.0,0.007173418998718262
700.0,3.0,4.0,4.0,350.0,40.0,0.009200513362884521
7427.0,8.0,3.0,4.0,999.0,73.0,0.07520085573196411
700.0,6.0,3.0,2.0,160.0,57.0,0.005903303623199463
700.0,5.0,3.0,3.0,999.0,49.0,0.10128664970397949
700.0,6.0,4.0,2.0,210.0,70.0,0.00987178087234497
700.0,6.0,3.0,3.0,999.0,57.0,0.08160251379013062
3774.0,8.0,3.0,3.0,999.0,73.0,0.11062377691268921
700.0,8.0,3.0,3.0,80.0,73.0,0.005183517932891846
700.0,5.0,4.0,3.0,110.0,60.0,0.006844639778137207
1664.0,5.0,4.0,1.0,999.0,60.0,0.014912784099578857
700.0,4.0,4.0,3.0,340.0,50.0,0.007527589797973633
700.0,5.0,4.0,4.0,999.0,60.0,0.08327317237854004
1664.0,3.0,4.0,2.0,999.0,40.0,0.039636075496673584
700.0,6.0,4.0,3.0,999.0,70.0,0.06883382797241211
700.0,4.0,3.0,4.0,190.0,41.0,0.0074201226234436035
700.0,8.0,3.0,4.0,999.0,73.0,0.06795209646224976
1664.0,4.0,3.0,2.0,310.0,41.0,0.008817195892333984
1664.0,3.0,3.0,3.0,999.0,33.0,0.01929992437362671
1664.0,6.0,3.0,2.0,190.0,57.0,0.004890620708465576
700.0,7.0,3.0,3.0,999.0,65.0,0.08423620462417603
1664.0,5.0,3.0,2.0,160.0,49.0,0.009476065635681152
3774.0,7.0,4.0,3.0,70.0,80.0,0.004143118858337402
1664.0,4.0,3.0,3.0,250.0,41.0,0.008671283721923828
1664.0,7.0,4.0,1.0,660.0,80.0,0.009151995182037354
5081.0,8.0,4.0,4.0,90.0,90.0,0.002357661724090576
1664.0,8.0,3.0,1.0,999.0,73.0,0.15662425756454468
7427.0,7.0,3.0,4.0,999.0,65.0,0.09571534395217896
1664.0,6.0,3.0,3.0,150.0,57.0,0.00498509407043457
3774.0,7.0,4.0,4.0,999.0,80.0,0.07271987199783325
1664.0,8.0,4.0,1.0,999.0,90.0,0.29397404193878174
1664.0,4.0,3.0,4.0,210.0,41.0,0.004680752754211426
1664.0,5.0,3.0,4.0,999.0,49.0,0.07866525650024414
1664.0,4.0,4.0,4.0,560.0,50.0,0.005704045295715332
700.0,7.0,4.0,2.0,999.0,80.0,0.6237887144088745
1664.0,6.0,3.0,4.0,80.0,57.0,0.007771551609039307
7262.0,3.0,3.0,1.0,999.0,33.0,0.3054887056350708
1664.0,6.0,4.0,2.0,140.0,70.0,0.009066402912139893
7262.0,3.0,4.0,1.0,999.0,40.0,0.310133695602417
1664.0,3.0,4.0,3.0,999.0,40.0,0.10610353946685791
1664.0,3.0,3.0,4.0,999.0,33.0,0.16053181886672974
7262.0,4.0,4.0,1.0,999.0,50.0,0.44877439737319946
700.0,6.0,3.0,4.0,70.0,57.0,0.006226480007171631
1664.0,6.0,4.0,3.0,90.0,70.0,0.007290840148925781
7427.0,8.0,4.0,3.0,130.0,90.0,0.003568708896636963
7262.0,5.0,3.0,1.0,720.0,49.0,0.009761512279510498
1664.0,6.0,4.0,4.0,80.0,70.0,0.007595539093017578
1664.0,5.0,4.0,2.0,270.0,60.0,0.00970315933227539
700.0,5.0,3.0,4.0,999.0,49.0,0.07151710987091064
7262.0,5.0,4.0,1.0,999.0,60.0,0.18474262952804565
7262.0,6.0,3.0,1.0,330.0,57.0,0.008433997631072998
700.0,8.0,4.0,2.0,720.0,90.0,0.0015192031860351562
6936.0,8.0,3.0,4.0,999.0,73.0,0.07148456573486328
7262.0,6.0,4.0,1.0,320.0,70.0,0.008540153503417969
7427.0,8.0,4.0,4.0,999.0,90.0,0.07377135753631592
7262.0,3.0,3.0,2.0,999.0,33.0,0.3687460422515869
7427.0,7.0,4.0,3.0,999.0,80.0,0.06819546222686768
7262.0,3.0,4.0,2.0,999.0,40.0,0.03827691078186035
1664.0,5.0,4.0,3.0,280.0,60.0,0.0071735382080078125
7262.0,7.0,3.0,1.0,370.0,65.0,0.006356596946716309
7262.0,4.0,3.0,2.0,210.0,41.0,0.009284615516662598
7262.0,6.0,3.0,2.0,120.0,57.0,0.006214737892150879
1664.0,3.0,4.0,4.0,999.0,40.0,0.10826188325881958
7262.0,5.0,3.0,2.0,210.0,49.0,0.005918920040130615
1664.0,7.0,3.0,2.0,300.0,65.0,0.004439115524291992
1664.0,7.0,4.0,2.0,999.0,80.0,0.08374375104904175
7262.0,6.0,3.0,3.0,110.0,57.0,0.006875097751617432
7262.0,4.0,3.0,3.0,840.0,41.0,0.009979248046875
7262.0,4.0,4.0,2.0,250.0,50.0,0.009537994861602783
700.0,6.0,4.0,4.0,999.0,70.0,0.02043968439102173
7262.0,6.0,4.0,2.0,999.0,70.0,0.0707044005393982
7262.0,6.0,3.0,4.0,999.0,57.0,0.06807929277420044
7262.0,5.0,3.0,3.0,150.0,49.0,0.0068084001541137695
1664.0,5.0,4.0,4.0,999.0,60.0,0.06875371932983398
7262.0,8.0,3.0,1.0,999.0,73.0,0.3409280776977539
7262.0,7.0,4.0,2.0,999.0,80.0,0.06918495893478394
7262.0,4.0,4.0,3.0,999.0,50.0,0.07631278038024902
7262.0,5.0,3.0,4.0,130.0,49.0,0.009332537651062012
700.0,7.0,3.0,4.0,999.0,65.0,0.10458266735076904
7262.0,3.0,3.0,3.0,999.0,33.0,0.38146889209747314
3774.0,8.0,3.0,4.0,999.0,73.0,0.06993168592453003
7262.0,8.0,4.0,1.0,270.0,90.0,0.00847768783569336
7262.0,7.0,3.0,2.0,80.0,65.0,0.007234334945678711
7262.0,5.0,4.0,2.0,780.0,60.0,0.004269719123840332
7262.0,7.0,3.0,3.0,140.0,65.0,0.004640936851501465
499.0,3.0,3.0,1.0,999.0,33.0,0.4192696809768677
499.0,3.0,4.0,1.0,999.0,40.0,0.31660014390945435
7262.0,3.0,4.0,4.0,999.0,40.0,0.2844211459159851
1664.0,7.0,3.0,3.0,110.0,65.0,0.006708741188049316
499.0,4.0,3.0,1.0,999.0,41.0,0.1926894187927246
7262.0,4.0,3.0,4.0,999.0,41.0,0.09679841995239258
7262.0,7.0,3.0,4.0,999.0,65.0,0.08791053295135498
499.0,4.0,4.0,1.0,999.0,50.0,0.13553035259246826
7262.0,8.0,4.0,2.0,90.0,90.0,0.006501555442810059
1664.0,7.0,3.0,4.0,999.0,65.0,0.08832347393035889
700.0,7.0,4.0,3.0,180.0,80.0,0.005002617835998535
499.0,5.0,3.0,1.0,999.0,49.0,0.21139824390411377
7262.0,4.0,4.0,4.0,999.0,50.0,0.08051502704620361
7262.0,8.0,4.0,3.0,999.0,90.0,0.06796228885650635
700.0,8.0,4.0,3.0,60.0,90.0,0.002631664276123047
499.0,3.0,3.0,2.0,999.0,33.0,0.414867103099823
499.0,5.0,4.0,1.0,460.0,60.0,0.00927954912185669
499.0,3.0,4.0,2.0,470.0,40.0,0.009091615676879883
499.0,6.0,3.0,1.0,380.0,57.0,0.008766710758209229
1664.0,8.0,4.0,2.0,140.0,90.0,0.005099594593048096
700.0,7.0,4.0,4.0,340.0,80.0,0.0032325387001037598
700.0,8.0,4.0,4.0,40.0,90.0,0.004410386085510254
499.0,6.0,4.0,1.0,400.0,70.0,0.008737921714782715
7262.0,5.0,4.0,3.0,999.0,60.0,0.07522076368331909
499.0,4.0,3.0,2.0,360.0,41.0,0.008314728736877441
499.0,7.0,4.0,1.0,999.0,80.0,0.280354380607605
499.0,3.0,4.0,3.0,999.0,40.0,0.22923988103866577
7262.0,6.0,4.0,3.0,999.0,70.0,0.06890207529067993
499.0,6.0,3.0,2.0,999.0,57.0,0.12208902835845947
1664.0,8.0,4.0,3.0,999.0,90.0,0.05673706531524658
499.0,8.0,3.0,1.0,260.0,73.0,0.007851362228393555
499.0,5.0,4.0,2.0,200.0,60.0,0.006482601165771484
1664.0,8.0,3.0,3.0,999.0,73.0,0.06866198778152466
499.0,4.0,3.0,3.0,720.0,41.0,0.006169617176055908
7427.0,7.0,4.0,4.0,100.0,80.0,0.002943575382232666
499.0,3.0,3.0,3.0,330.0,33.0,0.00978994369506836
7262.0,7.0,4.0,3.0,110.0,80.0,0.0022939443588256836
499.0,5.0,4.0,3.0,999.0,60.0,0.3854637145996094
1664.0,7.0,4.0,3.0,100.0,80.0,0.002904832363128662
499.0,6.0,4.0,2.0,550.0,70.0,0.009244143962860107
9736.0,3.0,3.0,1.0,999.0,33.0,0.5082561373710632
499.0,3.0,3.0,4.0,560.0,33.0,0.009032666683197021
499.0,5.0,3.0,2.0,200.0,49.0,0.009128093719482422
7262.0,7.0,4.0,4.0,999.0,80.0,0.06792843341827393
9736.0,3.0,4.0,1.0,999.0,40.0,0.38084840774536133
9736.0,4.0,3.0,1.0,999.0,41.0,0.5161340236663818
7262.0,8.0,3.0,2.0,200.0,73.0,0.0030518174171447754
1664.0,7.0,4.0,4.0,999.0,80.0,0.0729367733001709
499.0,7.0,3.0,2.0,150.0,65.0,0.007816791534423828
499.0,4.0,4.0,2.0,250.0,50.0,0.0079689621925354
499.0,8.0,3.0,2.0,60.0,73.0,0.006795346736907959
499.0,3.0,4.0,4.0,999.0,40.0,0.1932528018951416
499.0,5.0,3.0,3.0,140.0,49.0,0.009927451610565186
499.0,8.0,3.0,3.0,60.0,73.0,0.002039313316345215
499.0,4.0,3.0,4.0,630.0,41.0,0.007071316242218018
9736.0,4.0,4.0,1.0,999.0,50.0,0.12889927625656128
499.0,7.0,3.0,3.0,999.0,65.0,0.09159600734710693
7262.0,5.0,4.0,4.0,130.0,60.0,0.007004857063293457
499.0,8.0,3.0,4.0,260.0,73.0,0.0009983181953430176
7262.0,8.0,3.0,3.0,999.0,73.0,0.0739319920539856
499.0,8.0,4.0,2.0,120.0,90.0,0.004455268383026123
9736.0,5.0,3.0,1.0,999.0,49.0,0.5486258864402771
9736.0,3.0,3.0,2.0,999.0,33.0,0.4197213053703308
9736.0,6.0,3.0,1.0,340.0,57.0,0.008189380168914795
499.0,6.0,3.0,3.0,80.0,57.0,0.006872057914733887
499.0,8.0,4.0,3.0,999.0,90.0,0.08757072687149048
499.0,6.0,4.0,3.0,140.0,70.0,0.0099107027053833
499.0,4.0,4.0,4.0,240.0,50.0,0.009333968162536621
499.0,6.0,3.0,4.0,999.0,57.0,0.06832623481750488
9736.0,7.0,4.0,1.0,340.0,80.0,0.008857786655426025
499.0,5.0,4.0,4.0,999.0,60.0,0.06866282224655151
9736.0,8.0,3.0,1.0,480.0,73.0,0.008439600467681885
499.0,6.0,4.0,4.0,999.0,70.0,0.06809765100479126
9736.0,5.0,4.0,2.0,999.0,60.0,0.07662308216094971
9736.0,6.0,3.0,2.0,340.0,57.0,0.009933829307556152
9736.0,8.0,4.0,1.0,210.0,90.0,0.008619487285614014
6654.0,3.0,3.0,1.0,999.0,33.0,0.48850345611572266
9736.0,3.0,3.0,3.0,530.0,33.0,0.007382035255432129
7262.0,6.0,4.0,4.0,999.0,70.0,0.07839477062225342
9736.0,7.0,3.0,2.0,140.0,65.0,0.0058005452156066895
6654.0,3.0,4.0,1.0,999.0,40.0,0.33870410919189453
9736.0,4.0,4.0,2.0,240.0,50.0,0.009670555591583252
9736.0,4.0,3.0,4.0,190.0,41.0,0.008903443813323975
499.0,7.0,4.0,2.0,150.0,80.0,0.00838249921798706
9736.0,3.0,4.0,3.0,840.0,40.0,0.0060034990310668945
9736.0,6.0,4.0,2.0,150.0,70.0,0.0058563947677612305
9736.0,7.0,4.0,2.0,999.0,80.0,0.10325074195861816
7262.0,8.0,4.0,4.0,999.0,90.0,0.07663285732269287
9736.0,7.0,3.0,3.0,999.0,65.0,0.07379883527755737
9736.0,6.0,3.0,3.0,150.0,57.0,0.005160927772521973
9736.0,3.0,3.0,4.0,999.0,33.0,0.2593591809272766
9736.0,4.0,4.0,3.0,150.0,50.0,0.00947338342666626
9736.0,5.0,3.0,3.0,999.0,49.0,0.08184432983398438
9736.0,6.0,4.0,3.0,810.0,70.0,0.001698613166809082
499.0,7.0,4.0,3.0,999.0,80.0,0.06867337226867676
6654.0,4.0,4.0,1.0,999.0,50.0,0.02160400152206421
6654.0,5.0,3.0,1.0,999.0,49.0,0.4334167242050171
9736.0,4.0,4.0,4.0,999.0,50.0,0.08020859956741333
9736.0,8.0,4.0,2.0,120.0,90.0,0.004410505294799805
9736.0,6.0,3.0,4.0,200.0,57.0,0.006122171878814697
6654.0,3.0,3.0,2.0,999.0,33.0,0.3540281653404236
6654.0,5.0,4.0,1.0,999.0,60.0,0.15794014930725098
6654.0,6.0,3.0,1.0,999.0,57.0,0.30296409130096436
9736.0,8.0,3.0,2.0,280.0,73.0,0.0070299506187438965
1664.0,8.0,3.0,4.0,680.0,73.0,0.00928276777267456
499.0,7.0,3.0,4.0,999.0,65.0,0.07906472682952881
9736.0,3.0,4.0,4.0,840.0,40.0,0.008092403411865234
6654.0,6.0,4.0,1.0,330.0,70.0,0.009380519390106201
6654.0,7.0,3.0,1.0,290.0,65.0,0.009769439697265625
9736.0,8.0,4.0,3.0,999.0,90.0,0.10447502136230469
6654.0,8.0,3.0,1.0,260.0,73.0,0.005992710590362549
9736.0,5.0,4.0,3.0,340.0,60.0,0.007642388343811035
6654.0,3.0,4.0,2.0,999.0,40.0,0.16700232028961182
6654.0,3.0,3.0,3.0,999.0,33.0,0.016521036624908447
6654.0,6.0,4.0,2.0,999.0,70.0,0.08033090829849243
9736.0,5.0,3.0,4.0,999.0,49.0,0.07269370555877686
6654.0,4.0,3.0,3.0,180.0,41.0,0.008720159530639648
9736.0,8.0,3.0,3.0,999.0,73.0,0.1055070161819458
6654.0,7.0,3.0,2.0,210.0,65.0,0.00935894250869751
6654.0,8.0,4.0,1.0,580.0,90.0,0.009276390075683594
7262.0,8.0,3.0,4.0,999.0,73.0,0.07079130411148071
9736.0,5.0,4.0,4.0,150.0,60.0,0.009239256381988525
1664.0,8.0,4.0,4.0,50.0,90.0,0.008274078369140625
6654.0,8.0,3.0,2.0,999.0,73.0,0.07195550203323364
6654.0,7.0,3.0,3.0,100.0,65.0,0.007847487926483154
6654.0,7.0,4.0,2.0,999.0,80.0,0.07173824310302734
6654.0,6.0,3.0,2.0,280.0,57.0,0.005843937397003174
9736.0,6.0,4.0,4.0,90.0,70.0,0.006703436374664307
6654.0,7.0,3.0,4.0,999.0,65.0,0.07766032218933105
6654.0,3.0,3.0,4.0,999.0,33.0,0.1386091113090515
6654.0,4.0,4.0,2.0,260.0,50.0,0.006624042987823486
9736.0,7.0,4.0,3.0,999.0,80.0,0.07162314653396606
9736.0,7.0,3.0,4.0,999.0,65.0,0.07013678550720215
6654.0,5.0,4.0,3.0,150.0,60.0,0.008007347583770752
499.0,8.0,4.0,4.0,999.0,90.0,0.06811100244522095
6654.0,6.0,3.0,3.0,260.0,57.0,0.003958523273468018
6654.0,5.0,3.0,3.0,999.0,49.0,0.07591527700424194
6654.0,4.0,4.0,3.0,160.0,50.0,0.008657217025756836
6654.0,6.0,3.0,4.0,999.0,57.0,0.06820797920227051
6654.0,3.0,4.0,3.0,999.0,40.0,0.01956021785736084
499.0,7.0,4.0,4.0,999.0,80.0,0.06866049766540527
6654.0,6.0,4.0,3.0,999.0,70.0,0.06829875707626343
6654.0,8.0,4.0,2.0,110.0,90.0,0.008800804615020752
6654.0,8.0,4.0,3.0,999.0,90.0,0.07295846939086914
9736.0,8.0,3.0,4.0,999.0,73.0,0.10199838876724243
6654.0,7.0,4.0,3.0,999.0,80.0,0.06909793615341187
6654.0,8.0,3.0,3.0,999.0,73.0,0.06812828779220581
6654.0,5.0,3.0,4.0,150.0,49.0,0.005757153034210205
9736.0,7.0,4.0,4.0,999.0,80.0,0.06788820028305054
6654.0,6.0,4.0,4.0,999.0,70.0,0.06854933500289917
6654.0,7.0,4.0,4.0,999.0,80.0,0.06790882349014282
6654.0,8.0,4.0,4.0,999.0,90.0,0.07871758937835693
6654.0,8.0,3.0,4.0,999.0,73.0,0.10209512710571289
