seed,initial_bias,initial_bias_spread,initial_weights_spread,initial_unitaries_spread,hparams/epoch,hparams/validate_best
6936.0,0.0,0.01,0.01,0.0,999.0,0.0864490270614624
6936.0,0.0,0.01,0.0,0.0,999.0,0.41666603088378906
6936.0,0.0,0.01,0.1,0.0,250.0,0.0007888376712799072
6936.0,0.0,0.01,1.0,0.0,150.0,0.0008215904235839844
6936.0,0.0,0.1,0.01,0.0,999.0,0.41666603088378906
6936.0,0.0,0.1,0.0,0.0,999.0,0.41666603088378906
6936.0,0.0,0.1,0.1,0.0,220.0,0.0009129047393798828
6936.0,0.0,0.1,1.0,0.0,270.0,0.000973135232925415
6936.0,0.0,1.0,0.0,0.0,820.0,0.00067099928855896
6936.0,0.0,1.0,0.01,0.0,270.0,0.0009841620922088623
6936.0,0.0,1.0,10.0,0.0,620.0,0.000988394021987915
6936.0,0.0,0.0,0.01,0.01,310.0,0.0009043514728546143
6936.0,0.0,10.0,0.01,0.0,380.0,0.0009693503379821777
6936.0,0.0,10.0,0.1,0.0,490.0,0.0008989572525024414
6936.0,0.0,0.0,1.0,0.01,310.0,0.0009189248085021973
6936.0,0.0,0.0,0.1,0.01,999.0,0.0047335028648376465
6936.0,0.0,0.0,10.0,0.01,570.0,0.0009558796882629395
6936.0,0.0,10.0,10.0,0.0,920.0,0.0009837746620178223
6936.0,0.785398,0.0,0.0,0.0,999.0,0.14714735746383667
6936.0,0.785398,0.0,0.01,0.0,999.0,0.14803546667099
6936.0,0.785398,0.01,0.0,0.0,999.0,0.1454959511756897
6936.0,0.0,0.01,1.0,0.01,520.0,0.0009190142154693604
6936.0,0.0,1.0,0.01,0.01,999.0,0.4250553846359253
6936.0,0.0,1.0,0.1,0.01,790.0,0.0009829401969909668
6936.0,0.0,0.01,0.1,0.01,999.0,0.00575631856918335
6936.0,0.0,0.0,0.01,0.1,900.0,0.000892341136932373
6936.0,0.0,0.1,1.0,0.01,300.0,0.0009400844573974609
6936.0,0.0,0.1,0.1,0.01,999.0,0.005969196557998657
6936.0,0.0,0.0,1.0,0.1,350.0,0.0009765326976776123
6936.0,0.0,0.01,10.0,0.01,580.0,0.0009460151195526123
6936.0,0.785398,0.0,0.1,0.01,160.0,0.0009641349315643311
6936.0,0.0,10.0,0.01,0.01,300.0,0.0009581148624420166
6936.0,0.0,0.1,10.0,0.01,560.0,0.00096091628074646
6936.0,0.0,1.0,1.0,0.01,999.0,0.0016395747661590576
6936.0,0.785398,0.0,0.1,0.1,180.0,0.0009741485118865967
6936.0,0.0,1.0,10.0,0.01,360.0,0.0009797513484954834
6936.0,0.0,10.0,0.0,0.01,420.0,0.0009596347808837891
6936.0,0.0,10.0,1.0,0.01,999.0,0.0019143223762512207
6936.0,0.0,0.01,1.0,0.1,320.0,0.0009838342666625977
6936.0,0.0,10.0,0.01,0.1,380.0,0.0009637176990509033
6936.0,0.785398,0.0,0.1,1.0,999.0,0.0014311671257019043
6936.0,0.785398,0.0,1.0,0.01,999.0,0.001139521598815918
6936.0,0.0,0.01,0.01,0.01,710.0,0.0008657276630401611
6936.0,0.0,0.0,0.1,0.1,940.0,0.0008531510829925537
6936.0,0.785398,0.0,0.01,0.01,890.0,0.0009308159351348877
6936.0,0.0,0.01,0.0,0.01,999.0,0.08888161182403564
6936.0,0.0,1.0,0.0,0.01,500.0,0.0009736120700836182
6936.0,0.0,0.1,1.0,1.0,730.0,0.0009767711162567139
6936.0,0.0,0.01,10.0,0.1,610.0,0.0009849369525909424
6936.0,0.0,10.0,10.0,0.01,999.0,0.0015827715396881104
6936.0,0.0,0.1,10.0,0.1,390.0,0.0009520649909973145
6936.0,0.0,0.1,0.01,0.01,480.0,0.0006802678108215332
6936.0,0.785398,0.0,0.0,0.01,999.0,0.05177924036979675
6936.0,0.0,0.01,1.0,1.0,530.0,0.0009454190731048584
6936.0,0.0,10.0,0.0,0.1,210.0,0.0009454786777496338
6936.0,0.0,10.0,0.1,0.1,999.0,0.0017015635967254639
6936.0,0.0,0.0,0.01,1.0,420.0,0.0008416473865509033
6936.0,0.785398,0.01,0.0,0.01,999.0,0.14466041326522827
6936.0,0.0,1.0,0.1,0.1,970.0,0.0009684264659881592
6936.0,0.0,0.0,10.0,1.0,999.0,0.0016278326511383057
6936.0,0.0,10.0,0.01,1.0,460.0,0.0009188055992126465
6936.0,0.0,1.0,0.01,0.1,999.0,0.4242144823074341
6936.0,0.0,1.0,10.0,1.0,999.0,0.0023583173751831055
6936.0,0.0,10.0,0.0,1.0,990.0,0.0009894371032714844
6936.0,0.0,0.01,0.1,0.1,999.0,0.004831105470657349
6936.0,0.0,0.1,10.0,1.0,999.0,0.003165900707244873
6936.0,0.0,0.0,0.01,10.0,999.0,0.03058183193206787
6936.0,0.0,0.01,0.01,0.1,999.0,0.0017875730991363525
6936.0,0.0,1.0,0.0,0.1,370.0,0.0009584426879882812
6936.0,0.0,0.01,10.0,1.0,999.0,0.0029684603214263916
6936.0,0.0,0.01,1.0,10.0,320.0,0.0009028017520904541
6936.0,0.0,10.0,0.01,10.0,540.0,0.0009680092334747314
6936.0,0.0,0.1,0.0,0.01,450.0,0.0009941458702087402
6936.0,0.785398,0.0,0.01,0.1,790.0,0.0009140074253082275
6936.0,0.0,0.0,0.1,1.0,999.0,0.0011287927627563477
6936.0,0.0,0.1,1.0,10.0,790.0,0.0007765889167785645
6936.0,0.0,10.0,1.0,0.1,950.0,0.0009949207305908203
6936.0,0.785398,0.0,0.1,10.0,999.0,0.0022963881492614746
6936.0,0.0,0.1,0.1,0.1,520.0,0.0007773339748382568
6936.0,0.0,0.01,0.0,0.1,999.0,0.10300582647323608
6936.0,0.785398,0.01,0.01,0.0,999.0,0.14271682500839233
6936.0,0.0,10.0,0.1,1.0,999.0,0.0013549625873565674
6936.0,0.0,10.0,10.0,0.1,999.0,0.1628667712211609
6936.0,0.0,1.0,0.01,1.0,999.0,0.4219124913215637
6936.0,0.785398,0.0,0.0,0.1,410.0,0.0007041394710540771
6936.0,0.0,0.1,0.01,1.0,999.0,0.4087458848953247
6936.0,0.0,1.0,10.0,10.0,999.0,0.0021005570888519287
6936.0,0.0,1.0,0.1,1.0,820.0,0.0009817779064178467
6936.0,0.785398,0.01,0.0,0.1,999.0,0.001032412052154541
6936.0,0.0,0.0,10.0,10.0,999.0,0.0022192001342773438
6936.0,0.785398,0.01,0.1,0.0,180.0,0.000980675220489502
6936.0,0.0,1.0,0.0,10.0,999.0,0.023670047521591187
6936.0,0.785398,0.0,10.0,0.1,999.0,0.001041322946548462
6936.0,0.785398,0.01,1.0,0.0,210.0,0.0009571313858032227
6936.0,0.0,10.0,0.0,10.0,999.0,0.0018967986106872559
6936.0,0.0,0.01,0.1,1.0,999.0,0.02999064326286316
6936.0,0.785398,0.0,0.01,1.0,490.0,0.0008755326271057129
6936.0,0.0,0.01,0.01,1.0,690.0,0.0009735822677612305
6936.0,0.785398,0.01,0.1,0.01,360.0,0.0009432137012481689
6936.0,0.0,1.0,1.0,1.0,999.0,0.0011072754859924316
6936.0,0.0,0.1,10.0,10.0,790.0,0.0009460747241973877
6936.0,0.785398,0.0,0.0,1.0,999.0,0.0022901594638824463
6936.0,0.785398,0.1,0.0,0.0,430.0,0.0009018480777740479
6936.0,0.0,0.0,0.1,10.0,999.0,0.012764722108840942
6936.0,0.0,0.1,0.1,1.0,999.0,0.001714080572128296
6936.0,0.0,0.01,10.0,10.0,999.0,0.0017716288566589355
6936.0,0.0,10.0,1.0,1.0,999.0,0.0011744201183319092
6936.0,0.0,0.01,0.0,1.0,999.0,0.004216223955154419
6936.0,0.785398,0.0,0.01,10.0,999.0,0.005250334739685059
6936.0,0.785398,0.1,0.01,0.0,999.0,0.1342560052871704
6936.0,0.0,0.1,0.0,1.0,999.0,0.0031728148460388184
6936.0,0.785398,0.0,1.0,0.1,780.0,0.0009846091270446777
6936.0,0.0,1.0,0.01,10.0,999.0,0.4186445474624634
6936.0,0.0,1.0,0.1,10.0,999.0,0.4189750552177429
6936.0,0.0,0.01,0.01,10.0,999.0,0.0013560950756072998
6936.0,0.785398,0.01,0.01,0.01,270.0,0.0009907186031341553
6936.0,0.785398,0.1,0.0,0.01,999.0,0.0010313093662261963
6936.0,0.0,0.1,0.01,10.0,999.0,0.01886311173439026
6936.0,0.785398,0.01,0.0,1.0,999.0,0.004186540842056274
6936.0,0.785398,0.01,10.0,0.01,999.0,0.04582470655441284
6936.0,0.785398,0.01,0.1,1.0,999.0,0.0032637417316436768
6936.0,0.785398,0.01,0.01,0.1,250.0,0.0008611083030700684
6936.0,0.785398,0.1,10.0,0.0,310.0,0.0008661448955535889
6936.0,0.785398,1.0,0.0,0.0,999.0,0.1355280578136444
6936.0,0.785398,1.0,0.01,0.0,160.0,0.000817716121673584
6936.0,0.0,0.01,0.1,10.0,999.0,0.009690344333648682
6936.0,0.785398,0.01,1.0,1.0,990.0,0.0008617639541625977
6936.0,0.785398,1.0,0.01,0.01,280.0,0.0009876489639282227
6936.0,0.785398,0.01,0.01,1.0,999.0,0.001121610403060913
6936.0,0.0,0.01,0.0,10.0,999.0,0.0009438395500183105
6936.0,0.785398,1.0,1.0,0.0,320.0,0.000957190990447998
6936.0,0.0,10.0,1.0,10.0,999.0,0.0014705359935760498
6936.0,0.785398,10.0,0.01,0.0,999.0,0.011149942874908447
6936.0,0.785398,0.0,10.0,1.0,999.0,0.0013894438743591309
6936.0,0.785398,1.0,0.01,0.1,280.0,0.0009413957595825195
6936.0,0.785398,10.0,0.1,0.0,999.0,0.001766979694366455
6936.0,0.785398,0.1,0.01,0.01,999.0,0.1449742615222931
6936.0,0.785398,10.0,1.0,0.0,300.0,0.0008643269538879395
6936.0,0.785398,1.0,1.0,0.01,999.0,0.0008012652397155762
6936.0,0.785398,0.1,1.0,0.1,310.0,0.0009700655937194824
6936.0,0.785398,10.0,0.0,0.01,530.0,0.0009423494338989258
6936.0,0.0,0.1,0.1,10.0,740.0,0.0009960532188415527
6936.0,0.785398,1.0,0.01,1.0,460.0,0.0009755492210388184
6936.0,0.785398,0.1,10.0,0.1,999.0,0.0011509060859680176
6936.0,0.785398,10.0,10.0,0.0,999.0,0.002668023109436035
6936.0,0.785398,0.01,0.0,10.0,550.0,0.0009090900421142578
6936.0,0.785398,0.01,10.0,0.1,690.0,0.0008392930030822754
6936.0,0.785398,0.01,0.1,10.0,999.0,0.015601754188537598
6936.0,0.785398,10.0,1.0,0.01,730.0,0.0007593035697937012
6936.0,1.5708,0.0,0.0,0.0,180.0,0.0009410977363586426
6936.0,0.785398,1.0,10.0,0.01,250.0,0.000984787940979004
6936.0,0.785398,0.01,1.0,10.0,999.0,0.008384227752685547
6936.0,0.785398,0.1,1.0,1.0,570.0,0.000983119010925293
6936.0,0.785398,1.0,0.0,0.01,810.0,0.0009533166885375977
6936.0,0.785398,0.0,1.0,1.0,999.0,0.0012444257736206055
6936.0,0.785398,1.0,0.1,1.0,890.0,0.0009701848030090332
6936.0,0.785398,10.0,0.0,0.1,590.0,0.0009233057498931885
6936.0,1.5708,0.0,1.0,0.0,730.0,0.0009672939777374268
6936.0,0.785398,1.0,10.0,0.1,460.0,0.0009777545928955078
6936.0,0.785398,0.01,0.01,10.0,999.0,0.023655742406845093
6936.0,0.785398,1.0,0.01,10.0,999.0,0.0011186301708221436
6936.0,1.5708,0.0,0.01,0.01,210.0,0.0008047223091125488
6936.0,0.785398,10.0,0.01,0.01,999.0,0.0015581250190734863
6936.0,0.785398,0.1,0.0,1.0,999.0,0.0026333630084991455
6936.0,1.5708,0.0,10.0,0.0,830.0,0.0008481442928314209
6936.0,1.5708,0.01,0.0,0.0,320.0,0.0008926987648010254
6936.0,1.5708,0.01,0.01,0.0,370.0,0.00099104642868042
6936.0,1.5708,0.0,0.0,0.1,300.0,0.0009140372276306152
6936.0,1.5708,0.0,0.1,0.1,130.0,0.0008907616138458252
6936.0,1.5708,0.0,0.01,0.1,210.0,0.0009497106075286865
6936.0,0.785398,0.1,0.01,0.1,470.0,0.0009629726409912109
6936.0,0.785398,1.0,10.0,1.0,999.0,0.0011028647422790527
6936.0,0.785398,0.01,10.0,1.0,780.0,0.0009567141532897949
6936.0,1.5708,0.0,0.1,1.0,320.0,0.0009591579437255859
6936.0,0.785398,0.1,1.0,10.0,999.0,0.011959224939346313
6936.0,0.785398,1.0,1.0,0.1,999.0,0.002048194408416748
6936.0,0.785398,10.0,0.0,1.0,280.0,0.000957489013671875
6936.0,0.785398,10.0,1.0,0.1,540.0,0.0009913444519042969
6936.0,1.5708,0.0,0.0,1.0,230.0,0.0009402930736541748
6936.0,1.5708,0.0,0.01,1.0,290.0,0.0009181499481201172
6936.0,1.5708,0.01,0.0,0.01,270.0,0.0008584260940551758
6936.0,1.5708,0.01,0.1,0.0,320.0,0.0008328557014465332
6936.0,0.785398,0.1,10.0,1.0,999.0,0.0015701651573181152
6936.0,0.785398,0.1,0.1,10.0,510.0,0.0008952021598815918
6936.0,0.785398,1.0,0.1,10.0,999.0,0.0013124346733093262
6936.0,0.785398,1.0,0.0,0.1,370.0,0.00092315673828125
6936.0,0.785398,10.0,0.0,10.0,370.0,0.0008935630321502686
6936.0,1.5708,0.0,0.1,10.0,360.0,0.0009575188159942627
6936.0,1.5708,0.0,0.0,10.0,150.0,0.0009889602661132812
6936.0,0.785398,0.1,0.01,1.0,999.0,0.0011906921863555908
6936.0,0.785398,0.0,10.0,10.0,999.0,0.003119736909866333
6936.0,1.5708,0.0,0.01,10.0,190.0,0.0009996294975280762
6936.0,1.5708,0.01,0.01,0.1,240.0,0.0008752346038818359
6936.0,1.5708,0.1,0.0,0.0,210.0,0.000971376895904541
6936.0,1.5708,0.01,0.0,1.0,150.0,0.0009431838989257812
6936.0,0.785398,10.0,0.1,0.1,710.0,0.000885009765625
6936.0,0.785398,10.0,0.01,0.1,890.0,0.0009902417659759521
6936.0,1.5708,0.1,0.1,0.0,320.0,0.0009382963180541992
6936.0,1.5708,0.0,10.0,0.01,999.0,0.0010738670825958252
6936.0,1.5708,0.1,1.0,0.0,260.0,0.0009859204292297363
6936.0,0.785398,10.0,1.0,1.0,999.0,0.001578986644744873
6936.0,1.5708,0.1,10.0,0.0,650.0,0.0008821487426757812
6936.0,1.5708,0.01,0.1,0.01,210.0,0.0009651780128479004
6936.0,1.5708,1.0,0.01,0.0,400.0,0.0009402930736541748
6936.0,0.785398,1.0,0.0,1.0,999.0,0.02160811424255371
6936.0,1.5708,1.0,0.1,0.0,560.0,0.0009153485298156738
6936.0,1.5708,0.01,0.0,10.0,140.0,0.0009572505950927734
6936.0,1.5708,0.1,0.0,0.01,140.0,0.0008900761604309082
6936.0,0.785398,0.1,0.0,10.0,780.0,0.0009794831275939941
6936.0,0.785398,0.01,10.0,10.0,400.0,0.0009517669677734375
6936.0,1.5708,0.0,1.0,0.1,560.0,0.000834733247756958
6936.0,0.785398,1.0,10.0,10.0,640.0,0.000965118408203125
6936.0,1.5708,1.0,1.0,0.0,220.0,0.000988095998764038
6936.0,1.5708,0.1,0.0,0.1,240.0,0.0006947517395019531
6936.0,1.5708,0.1,1.0,0.01,440.0,0.0009365975856781006
6936.0,1.5708,0.1,0.1,0.01,370.0,0.0009278357028961182
6936.0,1.5708,0.01,0.1,0.1,320.0,0.0006823241710662842
6936.0,1.5708,1.0,10.0,0.0,400.0,0.0009173452854156494
6936.0,1.5708,0.1,0.01,0.01,170.0,0.0009427964687347412
6936.0,0.785398,1.0,1.0,1.0,999.0,0.0015543103218078613
6936.0,1.5708,1.0,0.0,0.01,810.0,0.00046509504318237305
6936.0,0.785398,10.0,10.0,0.1,999.0,0.0015769600868225098
6936.0,1.5708,0.01,10.0,0.01,510.0,0.0009791254997253418
6936.0,1.5708,1.0,0.01,0.01,520.0,0.0009104907512664795
6936.0,1.5708,10.0,0.0,0.0,500.0,0.0009603202342987061
6936.0,1.5708,0.1,0.0,1.0,540.0,0.0009722113609313965
6936.0,0.785398,10.0,0.1,1.0,999.0,0.0010243356227874756
6936.0,1.5708,10.0,0.01,0.0,560.0,0.0009490847587585449
6936.0,1.5708,1.0,0.1,0.01,940.0,0.0008521676063537598
6936.0,0.785398,0.0,1.0,10.0,999.0,0.001802980899810791
6936.0,1.5708,0.0,1.0,1.0,730.0,0.0009965300559997559
6936.0,1.5708,0.1,0.01,0.1,160.0,0.0009836554527282715
6936.0,1.5708,10.0,0.1,0.0,350.0,0.0009413361549377441
6936.0,0.785398,10.0,0.01,1.0,830.0,0.0009216368198394775
6936.0,1.5708,1.0,10.0,0.01,540.0,0.0009663105010986328
6936.0,1.5708,0.01,0.1,1.0,250.0,0.0009251534938812256
6936.0,1.5708,10.0,0.0,0.01,320.0,0.0009326040744781494
6936.0,1.5708,0.01,1.0,1.0,850.0,0.0009745657444000244
6936.0,1.5708,10.0,10.0,0.0,250.0,0.0007949769496917725
6936.0,1.5708,0.1,10.0,0.1,520.0,0.0009500682353973389
6936.0,1.5708,0.1,0.01,1.0,330.0,0.000993102788925171
6936.0,1.5708,1.0,0.01,0.1,470.0,0.000933915376663208
6936.0,1.5708,1.0,1.0,0.1,440.0,0.0009181499481201172
6936.0,0.785398,10.0,1.0,10.0,520.0,0.0008852481842041016
6936.0,1.5708,0.1,1.0,1.0,999.0,0.0010261237621307373
6936.0,1.5708,0.1,0.0,10.0,200.0,0.0009447634220123291
6936.0,1.5708,10.0,0.1,0.01,999.0,0.9470799565315247
6936.0,0.785398,1.0,0.0,10.0,460.0,0.0009793341159820557
6936.0,1.5708,10.0,0.01,0.01,999.0,0.9461833834648132
6936.0,1.5708,0.01,0.1,10.0,550.0,0.0009200572967529297
6936.0,1.5708,10.0,1.0,0.01,999.0,0.023429185152053833
6936.0,1.5708,10.0,0.0,0.1,770.0,0.0009707808494567871
6936.0,1.5708,10.0,10.0,0.01,380.0,0.0009991824626922607
6936.0,1.5708,1.0,0.0,0.1,390.0,0.0009744167327880859
6936.0,3.14159,0.0,0.1,0.0,999.0,0.4280790090560913
6936.0,3.14159,0.0,0.01,0.01,999.0,0.001494675874710083
6936.0,1.5708,0.0,1.0,10.0,999.0,0.002176225185394287
6936.0,1.5708,1.0,10.0,0.1,710.0,0.0009729564189910889
6936.0,1.5708,0.1,0.1,10.0,530.0,0.0009910166263580322
6936.0,0.785398,10.0,0.1,10.0,999.0,0.0021521449089050293
6936.0,1.5708,0.01,10.0,1.0,760.0,0.0009928643703460693
6936.0,1.5708,1.0,0.1,0.1,999.0,0.002795994281768799
6936.0,0.785398,10.0,10.0,1.0,999.0,0.002014249563217163
6936.0,0.785398,10.0,0.01,10.0,999.0,0.0011471211910247803
6936.0,1.5708,1.0,0.01,1.0,999.0,0.0014781951904296875
6936.0,3.14159,0.0,10.0,0.0,999.0,0.008780628442764282
6936.0,1.5708,0.1,0.01,10.0,270.0,0.0009979009628295898
6936.0,3.14159,0.01,0.0,0.0,999.0,0.9999993443489075
6936.0,1.5708,0.01,1.0,10.0,999.0,0.0014515817165374756
6936.0,1.5708,1.0,0.0,1.0,999.0,0.06476858258247375
6936.0,3.14159,0.01,0.01,0.01,999.0,0.3895851969718933
6936.0,1.5708,10.0,0.0,1.0,900.0,0.0009735822677612305
6936.0,3.14159,0.01,0.1,0.0,999.0,0.3896622061729431
6936.0,3.14159,0.01,1.0,0.0,999.0,0.0020615756511688232
6936.0,1.5708,10.0,1.0,0.1,660.0,0.0009949207305908203
6936.0,1.5708,1.0,1.0,10.0,990.0,0.0009567141532897949
6936.0,1.5708,1.0,10.0,1.0,999.0,0.001178741455078125
6936.0,1.5708,10.0,0.1,0.1,999.0,0.9482383728027344
6936.0,3.14159,0.0,1.0,0.1,520.0,0.0009017288684844971
6936.0,1.5708,10.0,0.01,0.1,999.0,0.9272899031639099
6936.0,3.14159,0.1,0.0,0.0,999.0,0.4251737594604492
6936.0,3.14159,0.1,0.01,0.0,999.0,0.9235541820526123
6936.0,3.14159,0.1,0.1,0.0,830.0,0.0009892284870147705
6936.0,3.14159,0.0,0.01,0.1,999.0,0.37656980752944946
6936.0,1.5708,1.0,0.1,1.0,390.0,0.0009902119636535645
6936.0,3.14159,0.1,1.0,0.0,999.0,0.014839857816696167
6936.0,3.14159,0.1,10.0,0.0,280.0,0.0008838772773742676
6936.0,0.785398,10.0,10.0,10.0,999.0,0.001391679048538208
6936.0,1.5708,1.0,0.01,10.0,710.0,0.0008722841739654541
6936.0,3.14159,1.0,0.0,0.0,999.0,0.38945144414901733
6936.0,3.14159,0.01,10.0,0.01,960.0,0.000977933406829834
6936.0,3.14159,0.0,10.0,0.01,560.0,0.0008983016014099121
6936.0,1.5708,10.0,1.0,1.0,850.0,0.0009887218475341797
6936.0,1.5708,10.0,0.0,10.0,980.0,0.0009533464908599854
6936.0,3.14159,0.0,1.0,1.0,999.0,0.0028076767921447754
6936.0,3.14159,0.01,0.0,0.01,999.0,0.37821483612060547
6936.0,1.5708,1.0,0.0,10.0,400.0,0.0009930133819580078
6936.0,3.14159,0.01,0.01,0.1,999.0,0.37423795461654663
6936.0,3.14159,0.0,0.1,0.01,999.0,0.9235541224479675
6936.0,3.14159,0.1,10.0,0.01,390.0,0.0008933544158935547
6936.0,3.14159,0.01,0.1,0.01,999.0,0.3960422873497009
6936.0,3.14159,1.0,0.01,0.0,999.0,0.3900185823440552
6936.0,3.14159,1.0,0.1,0.0,999.0,0.3788556456565857
6936.0,3.14159,1.0,1.0,0.0,999.0,0.01448965072631836
6936.0,1.5708,1.0,10.0,10.0,999.0,0.023189514875411987
6936.0,3.14159,10.0,0.0,0.0,570.0,0.0008772015571594238
6936.0,1.5708,10.0,0.1,1.0,999.0,0.00174790620803833
6936.0,1.5708,10.0,0.01,1.0,999.0,0.9386537075042725
6936.0,3.14159,10.0,0.01,0.0,610.0,0.0008568763732910156
6936.0,3.14159,0.1,0.01,0.01,999.0,0.2157561182975769
6936.0,1.5708,10.0,1.0,10.0,999.0,0.0010481476783752441
6936.0,3.14159,0.0,0.01,1.0,999.0,0.9367217421531677
6936.0,3.14159,1.0,0.0,0.01,999.0,0.0009118914604187012
6936.0,3.14159,10.0,1.0,0.0,999.0,0.001224219799041748
6936.0,3.14159,0.01,1.0,0.01,210.0,0.0008799433708190918
6936.0,3.14159,0.1,1.0,0.1,410.0,0.0009422004222869873
6936.0,3.14159,0.1,0.1,0.1,540.0,0.0008654892444610596
6936.0,3.14159,0.1,0.0,0.1,999.0,0.3727843165397644
6936.0,3.14159,1.0,10.0,0.01,999.0,0.002567797899246216
6936.0,3.14159,0.0,1.0,10.0,999.0,0.0012393295764923096
6936.0,3.14159,0.01,0.0,0.1,999.0,0.46836090087890625
6936.0,3.14159,10.0,0.1,0.01,610.0,0.0009437799453735352
5081.0,0.0,0.0,0.1,0.01,320.0,0.0006591677665710449
6936.0,3.14159,0.01,1.0,0.1,210.0,0.0009238719940185547
6936.0,3.14159,0.01,0.01,1.0,999.0,0.3805393576622009
6936.0,3.14159,0.0,10.0,1.0,650.0,0.000964730978012085
6936.0,3.14159,0.1,1.0,1.0,999.0,0.0030190646648406982
6936.0,3.14159,1.0,0.01,0.01,999.0,0.0036163926124572754
6936.0,3.14159,0.1,0.1,1.0,999.0,0.43973296880722046
6936.0,3.14159,0.01,0.1,0.1,999.0,0.3800298571586609
6936.0,3.14159,10.0,0.0,0.1,450.0,0.0009908974170684814
6936.0,3.14159,1.0,0.1,0.01,999.0,0.3906896114349365
6936.0,3.14159,0.01,1.0,1.0,999.0,0.0041852593421936035
5081.0,0.0,0.0,0.1,0.1,999.0,0.0038702785968780518
6936.0,3.14159,1.0,1.0,0.01,210.0,0.0008612275123596191
6936.0,1.5708,10.0,0.01,10.0,999.0,0.9248383045196533
6936.0,3.14159,1.0,0.0,0.1,999.0,0.0022673606872558594
6936.0,3.14159,1.0,1.0,0.1,210.0,0.000898897647857666
6936.0,3.14159,0.1,0.01,0.1,999.0,0.38213658332824707
6936.0,3.14159,10.0,0.01,0.1,170.0,0.0009585022926330566
5081.0,0.0,0.0,1.0,0.1,200.0,0.0009462237358093262
6936.0,3.14159,0.0,0.01,10.0,999.0,0.9266153573989868
6936.0,3.14159,0.0,0.1,0.1,999.0,0.9235541224479675
6936.0,3.14159,0.1,0.0,1.0,999.0,0.39092087745666504
6936.0,3.14159,10.0,0.0,1.0,999.0,0.0019479990005493164
6936.0,3.14159,10.0,10.0,0.1,490.0,0.0009832382202148438
6936.0,3.14159,0.0,10.0,10.0,999.0,0.001957327127456665
5081.0,0.0,0.01,0.0,0.0,999.0,0.41666603088378906
5081.0,0.0,0.0,10.0,0.1,460.0,0.0009047985076904297
6936.0,3.14159,1.0,0.01,0.1,999.0,0.390497088432312
6936.0,3.14159,0.1,1.0,10.0,999.0,0.010050922632217407
6936.0,3.14159,0.01,0.0,1.0,999.0,0.9390150904655457
6936.0,3.14159,0.01,0.01,10.0,930.0,0.0008904337882995605
6936.0,3.14159,0.1,0.1,10.0,999.0,0.44356441497802734
6936.0,3.14159,10.0,0.01,10.0,620.0,0.000991910696029663
6936.0,3.14159,0.01,0.1,1.0,999.0,0.4155609607696533
6936.0,3.14159,0.01,10.0,1.0,999.0,0.0015774667263031006
6936.0,3.14159,1.0,0.1,0.1,999.0,0.36170321702957153
5081.0,0.0,0.01,0.01,0.0,270.0,0.0009462237358093262
5081.0,0.0,0.0,10.0,1.0,999.0,0.001092284917831421
5081.0,0.0,0.0,0.1,1.0,999.0,0.0016588568687438965
6936.0,3.14159,1.0,10.0,1.0,999.0,0.0011529028415679932
5081.0,0.0,0.0,1.0,10.0,999.0,0.0013761818408966064
6936.0,3.14159,0.1,10.0,1.0,999.0,0.0015319287776947021
5081.0,0.0,0.01,0.1,0.0,999.0,0.021170735359191895
5081.0,0.0,0.0,0.01,1.0,999.0,0.061561793088912964
6936.0,3.14159,0.1,0.0,10.0,999.0,0.9504268169403076
6936.0,3.14159,0.1,0.01,1.0,999.0,0.38034844398498535
5081.0,0.0,0.01,0.01,0.01,999.0,0.08094826340675354
6936.0,3.14159,0.01,1.0,10.0,999.0,0.0036523938179016113
5081.0,0.0,0.01,10.0,0.0,400.0,0.0008400082588195801
5081.0,0.0,0.1,0.0,0.0,550.0,0.0009076595306396484
6936.0,3.14159,1.0,0.01,1.0,999.0,0.0020302534103393555
5081.0,0.0,0.01,1.0,0.01,390.0,0.0009662806987762451
5081.0,0.0,0.1,0.01,0.0,460.0,0.0008209943771362305
6936.0,3.14159,10.0,10.0,10.0,999.0,0.0012916326522827148
5081.0,0.0,0.1,0.1,0.0,999.0,0.0026855170726776123
5081.0,0.0,0.01,0.0,0.01,290.0,0.0009242892265319824
5081.0,0.0,0.1,1.0,0.0,400.0,0.0008897185325622559
6936.0,3.14159,10.0,1.0,1.0,770.0,0.0009882450103759766
6936.0,3.14159,0.01,0.0,10.0,999.0,0.9239822626113892
5081.0,0.0,0.1,10.0,0.0,999.0,0.0011247694492340088
5081.0,0.0,1.0,0.0,0.0,999.0,0.002890855073928833
5081.0,0.0,0.01,10.0,0.01,600.0,0.0009082257747650146
6936.0,3.14159,0.0,0.1,1.0,999.0,0.36702972650527954
5081.0,0.0,0.0,10.0,10.0,999.0,0.0025891363620758057
5081.0,0.0,0.01,0.0,0.1,540.0,0.0008943378925323486
6936.0,3.14159,0.01,0.1,10.0,999.0,0.4239655137062073
5081.0,0.0,0.01,1.0,0.1,680.0,0.0009558498859405518
5081.0,0.0,0.1,0.01,0.01,230.0,0.0009610354900360107
6936.0,3.14159,1.0,0.1,1.0,999.0,0.3907471299171448
6936.0,3.14159,1.0,10.0,10.0,750.0,0.0009882450103759766
5081.0,0.0,0.1,1.0,0.01,310.0,0.0009735524654388428
5081.0,0.0,1.0,0.01,0.0,999.0,0.025050967931747437
5081.0,0.0,1.0,0.1,0.0,310.0,0.0009638667106628418
5081.0,0.0,0.01,0.1,0.01,140.0,0.00046244263648986816
5081.0,0.0,0.1,0.01,0.1,410.0,0.0009857416152954102
5081.0,0.0,0.0,0.01,10.0,999.0,0.014457762241363525
6936.0,3.14159,0.1,0.01,10.0,999.0,0.4396088123321533
5081.0,0.0,0.01,0.1,0.1,190.0,0.0007941722869873047
5081.0,0.0,1.0,10.0,0.0,630.0,0.0009773075580596924
6936.0,3.14159,1.0,0.01,10.0,999.0,0.37041783332824707
5081.0,0.0,10.0,0.0,0.0,999.0,0.001114189624786377
5081.0,0.0,1.0,0.1,0.01,310.0,0.0009484291076660156
5081.0,0.0,0.1,0.1,0.01,280.0,0.0009590387344360352
5081.0,0.0,0.1,0.0,0.1,320.0,0.0009214580059051514
5081.0,0.0,0.01,0.0,1.0,320.0,0.0009620785713195801
5081.0,0.0,0.01,0.1,1.0,999.0,0.008927911520004272
6936.0,3.14159,10.0,1.0,10.0,999.0,0.0012461543083190918
5081.0,0.0,0.1,0.01,1.0,999.0,0.0020641982555389404
5081.0,0.0,0.01,1.0,1.0,999.0,0.0012844502925872803
6936.0,3.14159,0.01,10.0,10.0,999.0,0.0009807050228118896
5081.0,0.0,0.1,0.1,0.1,320.0,0.0009470880031585693
5081.0,0.0,1.0,0.1,0.1,250.0,0.0009208917617797852
5081.0,0.0,10.0,0.1,0.0,999.0,0.41158151626586914
5081.0,0.0,0.1,0.0,1.0,640.0,0.0009737908840179443
5081.0,0.0,0.01,0.0,10.0,600.0,0.0009819865226745605
5081.0,0.0,10.0,1.0,0.0,760.0,0.0009672045707702637
5081.0,0.0,10.0,10.0,0.0,999.0,0.009895563125610352
5081.0,0.0,0.1,1.0,1.0,999.0,0.002882927656173706
5081.0,0.785398,0.0,0.0,0.0,999.0,0.16352295875549316
5081.0,0.0,1.0,1.0,0.1,290.0,0.0009112954139709473
5081.0,0.785398,0.0,0.01,0.0,550.0,0.0009691119194030762
5081.0,0.0,0.1,0.1,1.0,999.0,0.010239362716674805
6936.0,3.14159,1.0,0.1,10.0,999.0,0.39069151878356934
5081.0,0.0,1.0,0.1,1.0,350.0,0.0009004473686218262
6936.0,3.14159,0.1,10.0,10.0,830.0,0.0009709596633911133
5081.0,0.0,1.0,0.01,0.01,999.0,0.014574289321899414
5081.0,0.785398,0.0,0.1,0.0,200.0,0.0007852017879486084
5081.0,0.785398,0.0,1.0,0.0,340.0,0.0009929835796356201
5081.0,0.0,1.0,1.0,1.0,999.0,0.0024930834770202637
5081.0,0.0,0.01,0.01,1.0,999.0,0.01602250337600708
5081.0,0.0,0.01,10.0,1.0,999.0,0.0029185712337493896
5081.0,0.785398,0.0,10.0,0.0,910.0,0.0009860396385192871
5081.0,0.0,0.1,10.0,0.1,460.0,0.0009467601776123047
5081.0,0.785398,0.0,0.1,0.01,270.0,0.000987708568572998
6936.0,3.14159,0.0,0.1,10.0,999.0,0.37552934885025024
5081.0,0.0,0.1,0.01,10.0,540.0,0.0009688735008239746
5081.0,0.785398,0.01,0.0,0.0,999.0,0.14995065331459045
5081.0,0.0,0.1,0.0,10.0,999.0,0.0055844783782958984
5081.0,0.785398,0.0,0.01,0.01,999.0,0.13748958706855774
5081.0,0.0,0.01,0.1,10.0,999.0,0.0010138452053070068
5081.0,0.785398,0.01,0.01,0.0,999.0,0.15089893341064453
5081.0,0.785398,0.0,1.0,0.01,220.0,0.0009744763374328613
5081.0,0.0,10.0,1.0,0.01,420.0,0.0009475648403167725
5081.0,0.0,10.0,0.01,0.1,550.0,0.0009815990924835205
5081.0,0.785398,0.0,0.1,0.1,310.0,0.0008483827114105225
5081.0,0.0,0.01,1.0,10.0,999.0,0.00680890679359436
5081.0,0.0,1.0,10.0,1.0,999.0,0.001289278268814087
5081.0,0.0,10.0,0.1,0.01,450.0,0.0009478628635406494
5081.0,0.785398,0.0,1.0,0.1,320.0,0.0009600520133972168
5081.0,0.0,0.1,10.0,1.0,999.0,0.0026952028274536133
5081.0,0.0,0.1,0.1,10.0,460.0,0.0009109079837799072
5081.0,0.0,0.1,1.0,10.0,999.0,0.0012723803520202637
5081.0,0.0,10.0,0.0,0.1,710.0,0.0009204447269439697
5081.0,0.785398,0.0,0.1,1.0,480.0,0.0009570717811584473
5081.0,0.785398,0.01,0.1,0.0,370.0,0.0009911954402923584
5081.0,0.785398,0.01,1.0,0.0,920.0,0.000980377197265625
5081.0,0.0,10.0,1.0,0.1,380.0,0.0009893178939819336
5081.0,0.0,10.0,0.01,1.0,520.0,0.0009299814701080322
5081.0,0.0,1.0,1.0,10.0,790.0,0.000996410846710205
5081.0,0.785398,0.0,1.0,1.0,950.0,0.0009934008121490479
5081.0,0.0,1.0,0.01,0.1,250.0,0.0008838176727294922
5081.0,0.0,0.01,0.01,10.0,999.0,0.0017833411693572998
5081.0,0.0,0.01,10.0,10.0,999.0,0.0012902319431304932
5081.0,0.785398,0.0,0.1,10.0,999.0,0.000949561595916748
5081.0,0.785398,0.0,0.0,0.01,999.0,0.13920775055885315
5081.0,0.0,1.0,0.01,1.0,310.0,0.0009536445140838623
5081.0,0.0,10.0,1.0,1.0,999.0,0.0015607476234436035
5081.0,0.785398,0.1,0.01,0.0,520.0,0.0007773935794830322
5081.0,0.785398,0.01,0.0,0.01,999.0,0.14557009935379028
5081.0,0.785398,0.1,0.1,0.0,210.0,0.0009978115558624268
5081.0,0.0,10.0,0.01,10.0,999.0,0.00325930118560791
5081.0,0.785398,0.1,1.0,0.0,410.0,0.0009895563125610352
5081.0,0.785398,0.0,0.01,0.1,320.0,0.0009975731372833252
5081.0,0.785398,0.01,0.01,0.01,460.0,0.0009157657623291016
5081.0,0.0,1.0,10.0,10.0,999.0,0.0011149048805236816
5081.0,0.785398,0.1,0.1,0.01,290.0,0.0009536445140838623
5081.0,0.785398,1.0,0.0,0.0,420.0,0.0009497106075286865
5081.0,0.785398,0.1,0.0,0.01,999.0,0.15331155061721802
5081.0,0.0,10.0,10.0,0.1,880.0,0.000992119312286377
5081.0,0.0,10.0,0.1,1.0,270.0,0.0009830296039581299
5081.0,0.785398,1.0,0.1,0.0,280.0,0.00094643235206604
5081.0,0.0,0.1,10.0,10.0,810.0,0.000995546579360962
5081.0,0.785398,0.0,0.01,1.0,999.0,0.018114745616912842
5081.0,0.785398,1.0,1.0,0.0,620.0,0.0007742047309875488
5081.0,0.785398,0.01,1.0,0.01,320.0,0.0009582340717315674
5081.0,0.785398,0.1,0.1,0.1,640.0,0.0009899735450744629
5081.0,0.785398,0.01,10.0,0.1,590.0,0.0008706748485565186
5081.0,0.785398,0.01,0.01,0.1,480.0,0.0009350180625915527
5081.0,0.785398,1.0,0.1,0.01,520.0,0.0009216070175170898
5081.0,0.785398,0.0,1.0,10.0,999.0,0.0037088096141815186
5081.0,0.785398,0.1,10.0,0.01,480.0,0.0009510219097137451
5081.0,0.785398,0.1,0.01,0.01,999.0,0.14543110132217407
5081.0,0.785398,0.01,1.0,0.1,410.0,0.0009835362434387207
5081.0,0.785398,10.0,1.0,0.0,200.0,0.0009562373161315918
5081.0,0.785398,0.1,1.0,0.1,370.0,0.0009087026119232178
5081.0,0.785398,0.01,0.0,0.1,999.0,0.0010688602924346924
5081.0,1.5708,0.0,0.0,0.0,180.0,0.0009410977363586426
5081.0,0.785398,10.0,1.0,0.01,340.0,0.0009445548057556152
5081.0,0.785398,0.01,0.01,1.0,999.0,0.002320408821105957
5081.0,0.785398,0.01,0.1,10.0,570.0,0.0008941292762756348
5081.0,0.785398,1.0,0.0,0.01,420.0,0.000972747802734375
5081.0,0.785398,0.1,0.0,0.1,760.0,0.0009397268295288086
5081.0,1.5708,0.0,0.01,0.0,310.0,0.0008624792098999023
5081.0,0.785398,0.01,10.0,1.0,999.0,0.0017032027244567871
5081.0,0.785398,0.1,0.1,1.0,999.0,0.0011238455772399902
5081.0,0.785398,1.0,10.0,0.01,460.0,0.0009911954402923584
5081.0,1.5708,0.0,0.0,0.01,240.0,0.0008802115917205811
5081.0,1.5708,0.0,0.1,0.0,370.0,0.0009093582630157471
5081.0,0.0,10.0,10.0,1.0,999.0,0.0038793981075286865
5081.0,0.785398,0.1,1.0,1.0,999.0,0.002750396728515625
5081.0,0.785398,0.1,10.0,0.1,400.0,0.0009851157665252686
5081.0,0.785398,0.0,0.0,0.1,999.0,0.13638624548912048
5081.0,0.785398,10.0,0.1,0.01,650.0,0.0009070634841918945
5081.0,0.785398,10.0,1.0,0.1,260.0,0.0009284913539886475
5081.0,1.5708,0.0,0.0,0.1,240.0,0.0008657872676849365
5081.0,0.785398,1.0,1.0,0.1,290.0,0.0009998679161071777
5081.0,0.785398,0.0,0.01,10.0,999.0,0.011867225170135498
5081.0,1.5708,0.0,0.01,0.01,220.0,0.0009827017784118652
5081.0,0.785398,10.0,10.0,0.01,560.0,0.0008947551250457764
5081.0,0.785398,10.0,0.01,0.1,999.0,0.0024954676628112793
5081.0,1.5708,0.0,10.0,0.0,310.0,0.000998467206954956
5081.0,1.5708,0.0,0.1,0.01,260.0,0.0008711814880371094
5081.0,1.5708,0.0,0.0,1.0,320.0,0.000835716724395752
5081.0,0.785398,0.1,10.0,1.0,999.0,0.0020726919174194336
5081.0,1.5708,0.01,0.01,0.0,330.0,0.000987023115158081
5081.0,1.5708,0.0,0.01,0.1,230.0,0.0009946227073669434
5081.0,0.785398,1.0,1.0,1.0,999.0,0.0036608874797821045
5081.0,0.785398,0.0,10.0,10.0,999.0,0.0034310221672058105
5081.0,0.785398,1.0,0.01,1.0,999.0,0.006416618824005127
5081.0,1.5708,0.0,0.1,0.1,200.0,0.0008923113346099854
5081.0,0.785398,1.0,10.0,0.1,930.0,0.0009574592113494873
5081.0,0.785398,1.0,0.1,1.0,410.0,0.0009700655937194824
5081.0,1.5708,0.01,0.0,0.01,160.0,0.0008783042430877686
5081.0,1.5708,0.0,1.0,0.01,999.0,0.0011246204376220703
5081.0,0.785398,1.0,0.0,0.1,400.0,0.0009286999702453613
5081.0,1.5708,0.0,0.01,1.0,200.0,0.000964820384979248
5081.0,0.785398,0.01,0.0,1.0,999.0,0.009696424007415771
5081.0,1.5708,0.0,0.1,1.0,300.0,0.0009084343910217285
5081.0,1.5708,0.01,0.1,0.0,450.0,0.0009714365005493164
5081.0,0.785398,0.01,0.01,10.0,550.0,0.0009585320949554443
5081.0,1.5708,0.01,0.0,0.1,160.0,0.0009967684745788574
5081.0,1.5708,0.0,0.01,10.0,170.0,0.0009785890579223633
5081.0,0.785398,10.0,0.0,0.1,540.0,0.0009573698043823242
5081.0,0.785398,0.01,10.0,10.0,760.0,0.0009850263595581055
5081.0,1.5708,0.01,0.01,0.1,320.0,0.0008740127086639404
5081.0,0.785398,0.1,0.1,10.0,999.0,0.0019888877868652344
5081.0,0.0,10.0,10.0,10.0,999.0,0.0019878149032592773
5081.0,1.5708,0.01,0.0,1.0,170.0,0.0008289813995361328
5081.0,1.5708,0.01,1.0,0.0,650.0,0.0009752213954925537
5081.0,0.785398,10.0,0.01,1.0,999.0,0.0008985400199890137
5081.0,0.785398,0.1,0.0,10.0,999.0,0.0008716881275177002
5081.0,0.785398,0.1,0.01,0.1,470.0,0.0009731948375701904
5081.0,1.5708,0.0,0.1,10.0,170.0,0.0009769797325134277
5081.0,1.5708,0.0,10.0,0.1,999.0,0.0012363791465759277
5081.0,1.5708,0.1,0.0,0.0,200.0,0.0008799433708190918
5081.0,1.5708,0.01,0.0,10.0,210.0,0.0009497702121734619
5081.0,1.5708,0.01,0.1,0.01,190.0,0.0009543895721435547
5081.0,1.5708,0.01,0.01,1.0,130.0,0.0008897483348846436
5081.0,1.5708,0.01,0.1,0.1,130.0,0.0009364485740661621
5081.0,1.5708,0.1,0.1,0.0,510.0,0.0008199810981750488
5081.0,1.5708,0.1,0.0,0.01,150.0,0.0009396374225616455
5081.0,1.5708,0.01,0.01,10.0,220.0,0.0009049773216247559
5081.0,0.785398,10.0,0.0,1.0,590.0,0.0009490847587585449
5081.0,1.5708,0.01,0.1,1.0,230.0,0.0009720921516418457
5081.0,0.785398,0.0,0.0,1.0,999.0,0.0027729570865631104
5081.0,1.5708,0.0,1.0,0.1,999.0,0.0014514625072479248
5081.0,0.785398,10.0,0.1,1.0,310.0,0.0009512901306152344
5081.0,1.5708,1.0,0.0,0.0,999.0,0.9315020442008972
5081.0,1.5708,1.0,0.01,0.0,520.0,0.0008395016193389893
5081.0,1.5708,1.0,0.1,0.0,400.0,0.0008690953254699707
5081.0,0.785398,10.0,10.0,10.0,999.0,0.0012029409408569336
5081.0,1.5708,0.1,1.0,0.01,400.0,0.0009399056434631348
5081.0,0.785398,0.1,0.01,1.0,880.0,0.0008359551429748535
5081.0,1.5708,1.0,1.0,0.0,170.0,0.0008937418460845947
5081.0,1.5708,0.1,0.0,1.0,330.0,0.0009531378746032715
5081.0,1.5708,0.1,0.1,0.01,240.0,0.0009853541851043701
5081.0,0.785398,10.0,0.1,10.0,310.0,0.0009859204292297363
5081.0,0.785398,10.0,0.01,10.0,999.0,0.013167113065719604
5081.0,1.5708,10.0,0.1,0.0,340.0,0.0009927749633789062
5081.0,1.5708,0.1,0.01,0.1,130.0,0.000876307487487793
5081.0,1.5708,10.0,1.0,0.0,540.0,0.000998467206954956
5081.0,1.5708,0.0,10.0,1.0,999.0,0.00153428316116333
5081.0,1.5708,10.0,10.0,0.0,520.0,0.000991523265838623
5081.0,0.785398,10.0,0.0,10.0,520.0,0.0008445084095001221
5081.0,0.785398,1.0,10.0,1.0,999.0,0.0023488402366638184
5081.0,1.5708,0.1,0.01,1.0,210.0,0.0009633898735046387
5081.0,1.5708,1.0,0.1,0.01,999.0,0.36859387159347534
5081.0,1.5708,0.1,0.1,0.1,190.0,0.0009324848651885986
5081.0,1.5708,0.1,10.0,0.01,999.0,0.001040130853652954
5081.0,1.5708,1.0,0.01,0.01,999.0,0.37294894456863403
5081.0,1.5708,10.0,0.01,0.01,999.0,0.22100311517715454
5081.0,1.5708,0.1,1.0,0.1,370.0,0.000984787940979004
5081.0,1.5708,0.1,0.0,10.0,240.0,0.0009611546993255615
5081.0,1.5708,10.0,0.0,0.01,420.0,0.0009264349937438965
5081.0,1.5708,10.0,0.1,0.01,999.0,0.0024487674236297607
5081.0,1.5708,0.01,1.0,0.1,570.0,0.000999361276626587
5081.0,3.14159,0.0,0.01,0.0,999.0,0.4013978838920593
5081.0,3.14159,0.0,0.1,0.0,999.0,0.007494539022445679
5081.0,1.5708,0.1,0.01,10.0,280.0,0.0009794533252716064
5081.0,1.5708,0.1,0.1,1.0,690.0,0.0009364187717437744
5081.0,1.5708,0.01,10.0,0.1,440.0,0.000992506742477417
5081.0,3.14159,0.0,1.0,0.0,160.0,0.000821918249130249
5081.0,1.5708,10.0,1.0,0.01,210.0,0.0009154379367828369
5081.0,1.5708,1.0,1.0,0.1,450.0,0.0009993314743041992
5081.0,0.785398,1.0,0.0,10.0,999.0,0.0022767484188079834
5081.0,1.5708,0.1,1.0,1.0,999.0,0.002377718687057495
5081.0,3.14159,0.01,0.0,0.0,999.0,0.9999993443489075
5081.0,1.5708,10.0,10.0,0.01,220.0,0.000942230224609375
5081.0,1.5708,10.0,0.0,0.1,470.0,0.0009176135063171387
5081.0,3.14159,0.01,0.01,0.01,999.0,0.41472291946411133
5081.0,3.14159,0.01,0.1,0.0,999.0,0.00787469744682312
5081.0,1.5708,1.0,0.0,0.01,999.0,0.0018028020858764648
5081.0,1.5708,1.0,10.0,0.01,999.0,0.001840054988861084
5081.0,3.14159,0.01,1.0,0.0,500.0,0.000957101583480835
5081.0,3.14159,0.0,10.0,0.01,330.0,0.0009841620922088623
5081.0,1.5708,0.01,10.0,1.0,999.0,0.003742039203643799
5081.0,1.5708,10.0,10.0,0.1,999.0,0.017312854528427124
5081.0,1.5708,0.01,1.0,1.0,999.0,0.0013421177864074707
5081.0,1.5708,0.0,10.0,10.0,999.0,0.00129738450050354
5081.0,0.785398,0.0,0.0,10.0,430.0,0.0009530782699584961
5081.0,1.5708,10.0,0.0,1.0,520.0,0.0009371936321258545
5081.0,1.5708,1.0,1.0,1.0,999.0,0.004052996635437012
5081.0,0.785398,0.1,0.01,10.0,999.0,0.0023020505905151367
5081.0,1.5708,10.0,0.1,0.1,999.0,0.19363319873809814
5081.0,1.5708,1.0,0.1,0.1,999.0,0.37154000997543335
5081.0,1.5708,10.0,1.0,1.0,999.0,0.0018720030784606934
5081.0,3.14159,0.0,0.1,0.01,999.0,0.001736968755722046
5081.0,1.5708,1.0,0.01,0.1,999.0,0.39062899351119995
5081.0,1.5708,0.1,10.0,0.1,999.0,0.0010585486888885498
5081.0,1.5708,10.0,0.01,0.1,999.0,0.22600775957107544
5081.0,1.5708,0.0,1.0,10.0,999.0,
5081.0,3.14159,0.01,1.0,0.01,400.0,0.0009407401084899902
5081.0,3.14159,0.0,0.01,0.01,999.0,0.3757871985435486
5081.0,1.5708,10.0,0.0,10.0,370.0,0.0009436309337615967
5081.0,3.14159,0.01,10.0,0.01,280.0,0.0009374916553497314
5081.0,3.14159,0.0,10.0,1.0,999.0,0.0016383528709411621
5081.0,3.14159,0.01,0.1,0.01,999.0,0.0010785162448883057
5081.0,1.5708,1.0,10.0,0.1,999.0,0.0015680193901062012
5081.0,3.14159,0.1,0.0,0.0,999.0,0.0011589229106903076
5081.0,1.5708,0.1,1.0,10.0,999.0,0.0011585354804992676
5081.0,3.14159,0.01,0.0,0.01,999.0,0.37094950675964355
5081.0,3.14159,0.01,0.01,0.1,999.0,0.20939671993255615
5081.0,3.14159,0.01,1.0,0.1,270.0,0.0009525418281555176
5081.0,3.14159,0.0,1.0,1.0,999.0,0.00215265154838562
5081.0,3.14159,0.01,10.0,0.1,250.0,0.0009664595127105713
5081.0,3.14159,0.1,0.01,0.0,999.0,0.3698604702949524
5081.0,3.14159,0.1,0.1,0.0,999.0,0.3853408694267273
5081.0,1.5708,0.01,10.0,10.0,999.0,0.002969712018966675
5081.0,1.5708,10.0,10.0,1.0,999.0,0.002826303243637085
5081.0,1.5708,0.01,1.0,10.0,999.0,0.0012273788452148438
5081.0,1.5708,10.0,0.1,1.0,999.0,0.002541959285736084
5081.0,3.14159,0.01,1.0,1.0,999.0,0.004600614309310913
5081.0,1.5708,1.0,1.0,10.0,810.0,0.0009741485118865967
5081.0,3.14159,0.0,0.1,0.1,999.0,0.9235542416572571
5081.0,3.14159,0.1,10.0,0.0,370.0,0.0009880363941192627
5081.0,1.5708,1.0,0.1,1.0,999.0,0.3647836446762085
5081.0,1.5708,10.0,1.0,10.0,999.0,0.0013908743858337402
5081.0,1.5708,1.0,0.01,1.0,999.0,0.39089155197143555
5081.0,1.5708,10.0,0.01,1.0,999.0,0.0019132494926452637
5081.0,3.14159,0.0,0.01,0.1,999.0,0.4318769574165344
5081.0,3.14159,0.01,0.1,0.1,999.0,0.009047597646713257
5081.0,3.14159,0.1,10.0,0.01,310.0,0.0009710490703582764
5081.0,3.14159,0.1,1.0,0.01,680.0,0.0009802579879760742
5081.0,1.5708,1.0,10.0,1.0,999.0,0.001081019639968872
5081.0,3.14159,0.0,10.0,10.0,999.0,0.002375662326812744
5081.0,3.14159,1.0,0.01,0.0,999.0,0.3892364501953125
5081.0,3.14159,1.0,0.1,0.0,999.0,0.9264707565307617
5081.0,3.14159,0.1,0.01,0.01,999.0,0.45235633850097656
5081.0,3.14159,1.0,1.0,0.0,999.0,0.003423631191253662
5081.0,3.14159,0.01,0.0,0.1,999.0,0.3772149085998535
5081.0,1.5708,1.0,0.0,10.0,830.0,0.000959545373916626
5081.0,3.14159,0.01,0.01,1.0,999.0,0.002549588680267334
5081.0,3.14159,0.1,0.1,0.01,999.0,0.0011134445667266846
5081.0,3.14159,0.1,10.0,0.1,330.0,0.0009202659130096436
5081.0,3.14159,0.0,1.0,10.0,999.0,0.00161665678024292
5081.0,1.5708,10.0,0.1,10.0,680.0,0.0008755922317504883
5081.0,3.14159,10.0,0.0,0.0,710.0,0.0009241402149200439
5081.0,3.14159,10.0,0.01,0.0,530.0,0.0009440481662750244
5081.0,3.14159,0.1,10.0,1.0,999.0,0.0017823874950408936
5081.0,3.14159,0.0,0.1,1.0,999.0,0.37709301710128784
5081.0,1.5708,0.1,10.0,10.0,999.0,0.0031069815158843994
5081.0,3.14159,0.1,0.0,0.01,999.0,0.44737446308135986
5081.0,3.14159,0.1,1.0,0.1,410.0,0.0009481608867645264
5081.0,1.5708,1.0,0.1,10.0,999.0,0.001344919204711914
5081.0,3.14159,10.0,0.1,0.0,999.0,0.37532562017440796
5081.0,3.14159,0.01,0.1,1.0,999.0,0.0025717318058013916
5081.0,1.5708,1.0,0.01,10.0,999.0,0.3766307234764099
5081.0,1.5708,10.0,0.01,10.0,999.0,0.0010787248611450195
5081.0,3.14159,0.0,0.01,1.0,999.0,0.3815940022468567
5081.0,1.5708,1.0,10.0,10.0,999.0,0.0013981759548187256
5081.0,3.14159,1.0,10.0,0.01,830.0,0.000978320837020874
5081.0,3.14159,10.0,0.01,0.01,570.0,0.0008335709571838379
5081.0,3.14159,10.0,10.0,0.0,460.0,0.0009865760803222656
5081.0,3.14159,0.1,0.01,0.1,999.0,0.38447433710098267
3774.0,0.0,0.0,0.01,0.01,999.0,0.027572572231292725
5081.0,3.14159,0.1,1.0,1.0,999.0,0.004254817962646484
5081.0,3.14159,0.1,0.1,0.1,999.0,0.36752504110336304
3774.0,0.0,0.0,0.1,0.01,770.0,0.0009010434150695801
5081.0,3.14159,10.0,0.0,0.01,999.0,0.9293031692504883
5081.0,3.14159,0.01,0.0,1.0,999.0,0.06212076544761658
5081.0,3.14159,1.0,1.0,0.01,999.0,0.0020406246185302734
5081.0,3.14159,0.01,0.01,10.0,999.0,0.26352715492248535
5081.0,3.14159,1.0,0.0,0.01,410.0,0.0009724199771881104
3774.0,0.0,0.0,1.0,0.01,230.0,0.0009958744049072266
5081.0,3.14159,0.0,0.1,10.0,999.0,0.0013457238674163818
5081.0,3.14159,10.0,1.0,0.01,540.0,0.0009553134441375732
3774.0,0.0,0.01,0.0,0.0,999.0,0.4155203700065613
5081.0,3.14159,1.0,0.01,0.01,999.0,0.9258084297180176
5081.0,3.14159,10.0,0.01,0.1,700.0,0.0009744763374328613
5081.0,3.14159,0.01,0.1,10.0,999.0,0.1553431749343872
5081.0,3.14159,1.0,0.1,0.01,880.0,0.0009641349315643311
3774.0,0.0,0.01,0.1,0.0,999.0,0.06162923574447632
3774.0,0.0,0.0,1.0,1.0,290.0,0.0009522140026092529
3774.0,0.0,0.01,1.0,0.0,290.0,0.0009891390800476074
3774.0,0.0,0.01,10.0,0.0,999.0,0.001566767692565918
3774.0,0.0,0.1,0.0,0.0,999.0,0.022742152214050293
5081.0,3.14159,0.1,0.01,1.0,780.0,0.0009629726409912109
3774.0,0.0,0.0,0.1,0.1,999.0,0.04339802265167236
5081.0,3.14159,0.0,0.01,10.0,999.0,0.9235689640045166
5081.0,3.14159,10.0,1.0,0.1,690.0,0.0009588301181793213
5081.0,3.14159,0.1,0.1,1.0,999.0,0.36187005043029785
5081.0,3.14159,1.0,0.0,0.1,999.0,0.0012462735176086426
5081.0,3.14159,0.1,0.0,0.1,999.0,0.014589250087738037
3774.0,0.0,0.01,1.0,0.01,290.0,0.0009599924087524414
3774.0,0.0,0.1,0.01,0.0,560.0,0.0009731650352478027
3774.0,0.0,0.0,0.01,0.1,810.0,0.0008983016014099121
5081.0,3.14159,0.1,1.0,10.0,999.0,0.002413332462310791
5081.0,3.14159,10.0,0.0,0.1,999.0,0.9235796332359314
5081.0,3.14159,0.01,0.0,10.0,999.0,0.9249013662338257
5081.0,3.14159,1.0,1.0,0.1,999.0,0.0014575719833374023
3774.0,0.0,0.1,0.1,0.0,999.0,0.023005038499832153
3774.0,0.0,0.01,0.01,0.01,210.0,0.0008876919746398926
5081.0,3.14159,10.0,0.01,1.0,520.0,0.0009252429008483887
3774.0,0.0,0.1,1.0,0.0,670.0,0.0009362101554870605
5081.0,3.14159,10.0,0.1,0.1,430.0,0.0009390413761138916
5081.0,3.14159,1.0,10.0,1.0,640.0,0.0009486675262451172
3774.0,0.0,0.1,10.0,0.0,999.0,0.0013938844203948975
3774.0,0.0,1.0,0.0,0.0,510.0,0.0009440183639526367
3774.0,0.0,0.01,0.01,0.1,999.0,0.14978745579719543
5081.0,3.14159,10.0,1.0,1.0,999.0,0.0032903850078582764
3774.0,0.0,0.01,1.0,1.0,999.0,0.0012890994548797607
3774.0,0.0,0.1,0.01,0.01,600.0,0.000989288091659546
3774.0,0.0,0.01,0.0,0.01,999.0,0.013202846050262451
5081.0,3.14159,0.1,0.01,10.0,999.0,0.008098483085632324
5081.0,3.14159,10.0,10.0,1.0,999.0,0.006402313709259033
3774.0,0.0,0.01,0.1,0.01,999.0,0.010482341051101685
5081.0,3.14159,10.0,0.1,1.0,999.0,0.0009788572788238525
3774.0,0.0,0.01,10.0,0.01,290.0,0.000991225242614746
5081.0,3.14159,0.1,0.1,10.0,999.0,0.23846006393432617
3774.0,0.0,0.1,0.0,0.01,550.0,0.000989675521850586
3774.0,0.0,0.0,0.1,1.0,999.0,0.06255459785461426
3774.0,0.0,0.0,0.01,1.0,999.0,0.010890305042266846
3774.0,0.0,1.0,0.01,0.0,999.0,0.0009677708148956299
3774.0,0.0,0.0,10.0,1.0,999.0,0.0019631683826446533
3774.0,0.0,0.1,1.0,0.01,410.0,0.0006896555423736572
5081.0,3.14159,1.0,0.1,0.1,999.0,0.4093974232673645
5081.0,3.14159,1.0,10.0,10.0,999.0,0.0012022852897644043
5081.0,3.14159,1.0,0.01,0.1,999.0,0.9245875477790833
3774.0,0.0,0.1,0.01,0.1,999.0,0.1555873453617096
3774.0,0.0,1.0,0.1,0.0,210.0,0.000951915979385376
5081.0,3.14159,10.0,0.0,1.0,999.0,0.04902467131614685
5081.0,3.14159,1.0,1.0,1.0,999.0,0.001763463020324707
3774.0,0.0,1.0,1.0,0.0,460.0,0.000925213098526001
3774.0,0.0,0.1,0.1,0.01,999.0,0.0053362250328063965
3774.0,0.0,1.0,0.1,0.01,370.0,0.0009317398071289062
5081.0,3.14159,10.0,1.0,10.0,999.0,0.0011461377143859863
3774.0,0.0,0.1,0.0,0.1,999.0,0.0016329288482666016
3774.0,0.0,0.01,1.0,10.0,520.0,0.0009301304817199707
3774.0,0.0,0.1,10.0,0.01,330.0,0.0008954405784606934
5081.0,3.14159,10.0,10.0,10.0,540.0,0.000997304916381836
5081.0,3.14159,0.1,0.0,1.0,999.0,0.07418957352638245
3774.0,0.0,1.0,0.0,0.1,999.0,0.001319587230682373
3774.0,0.0,0.01,0.01,1.0,690.0,0.0009592771530151367
3774.0,0.0,0.1,1.0,1.0,999.0,0.0012459158897399902
3774.0,0.0,0.01,0.0,0.1,999.0,0.0037536025047302246
3774.0,0.0,10.0,0.0,0.0,500.0,0.0009661018848419189
3774.0,0.0,1.0,0.1,0.1,480.0,0.000979781150817871
3774.0,0.0,1.0,1.0,0.01,710.0,0.0009557604789733887
3774.0,0.0,0.01,0.1,0.1,260.0,0.0009564757347106934
5081.0,3.14159,10.0,0.1,10.0,999.0,0.004527539014816284
3774.0,0.0,10.0,0.01,0.0,999.0,0.39068788290023804
3774.0,0.0,0.01,10.0,1.0,999.0,0.00179368257522583
3774.0,0.0,10.0,0.1,0.0,460.0,0.0009378194808959961
3774.0,0.0,0.0,0.1,10.0,999.0,0.2001188099384308
3774.0,0.0,0.1,0.01,1.0,340.0,0.0009396672248840332
3774.0,0.0,0.0,0.01,10.0,999.0,0.0014096200466156006
3774.0,0.0,1.0,0.01,0.01,999.0,0.148675799369812
3774.0,0.0,0.0,10.0,10.0,680.0,0.0009797215461730957
3774.0,0.0,1.0,10.0,0.1,999.0,0.001469939947128296
3774.0,0.0,10.0,10.0,0.0,999.0,0.20407429337501526
3774.0,0.0,10.0,0.0,0.01,650.0,0.0009489357471466064
5081.0,3.14159,10.0,0.0,10.0,999.0,0.9325173497200012
3774.0,0.0,1.0,0.1,1.0,999.0,0.023208260536193848
3774.0,0.0,0.1,0.01,10.0,999.0,0.03975549340248108
3774.0,0.785398,0.0,0.0,0.0,999.0,0.14714735746383667
3774.0,0.0,0.01,0.01,10.0,780.0,0.0009846389293670654
5081.0,3.14159,1.0,1.0,10.0,999.0,0.0014416277408599854
3774.0,0.0,0.1,0.1,0.1,999.0,0.020920276641845703
3774.0,0.0,10.0,0.1,0.01,510.0,0.0009153485298156738
3774.0,0.0,1.0,0.0,1.0,540.0,0.0009364485740661621
3774.0,0.0,0.1,10.0,1.0,999.0,0.001358628273010254
3774.0,0.0,0.1,0.0,1.0,999.0,0.0018267631530761719
3774.0,0.0,0.1,1.0,10.0,520.0,0.0008375942707061768
3774.0,0.0,1.0,1.0,0.1,670.0,0.0009178221225738525
5081.0,3.14159,1.0,0.1,1.0,999.0,0.9249513149261475
5081.0,3.14159,1.0,0.01,1.0,999.0,0.9239436388015747
3774.0,0.0,0.01,0.0,1.0,999.0,0.1039847731590271
3774.0,0.785398,0.0,0.01,0.0,210.0,0.0008684396743774414
3774.0,0.0,10.0,0.1,0.1,280.0,0.0009437501430511475
3774.0,0.0,10.0,0.01,0.01,930.0,0.0007610321044921875
3774.0,0.785398,0.0,0.01,0.01,350.0,0.0009661316871643066
3774.0,0.785398,0.0,1.0,0.0,400.0,0.0008887946605682373
3774.0,0.785398,0.01,0.0,0.0,999.0,0.1420024037361145
3774.0,0.0,1.0,0.01,0.1,999.0,0.17307201027870178
5081.0,3.14159,0.1,0.0,10.0,999.0,0.9247331023216248
3774.0,0.0,0.01,0.1,10.0,999.0,0.002972155809402466
3774.0,0.0,10.0,0.1,1.0,230.0,0.0009290575981140137
3774.0,0.785398,0.01,0.01,0.0,980.0,0.0009796619415283203
3774.0,0.0,10.0,10.0,0.01,390.0,0.000999152660369873
3774.0,0.785398,0.0,0.0,0.01,999.0,0.15358638763427734
3774.0,0.0,1.0,1.0,1.0,999.0,0.0010478496551513672
3774.0,0.785398,0.01,1.0,0.0,390.0,0.0009370148181915283
3774.0,0.0,1.0,0.1,10.0,830.0,0.0008695721626281738
3774.0,0.785398,0.1,0.0,0.0,480.0,0.0009863674640655518
3774.0,0.785398,0.0,0.01,0.1,240.0,0.00091591477394104
3774.0,0.785398,0.0,1.0,0.01,710.0,0.000956416130065918
3774.0,0.0,0.1,0.1,1.0,999.0,0.001191645860671997
5081.0,3.14159,1.0,0.0,10.0,999.0,0.0015446245670318604
3774.0,0.0,0.1,10.0,10.0,460.0,0.000972062349319458
3774.0,0.0,10.0,10.0,0.1,500.0,0.000990360975265503
3774.0,0.785398,0.01,1.0,0.01,400.0,0.0009878575801849365
3774.0,0.785398,0.1,0.01,0.0,840.0,0.0009358227252960205
3774.0,0.785398,0.0,0.01,1.0,999.0,0.02352336049079895
3774.0,0.785398,0.01,0.1,0.01,250.0,0.0008509457111358643
3774.0,0.0,0.01,0.0,10.0,910.0,0.0008939206600189209
3774.0,0.0,10.0,0.0,10.0,770.0,0.0009726285934448242
3774.0,0.785398,0.0,0.1,0.01,999.0,0.0009779036045074463
3774.0,0.785398,0.1,0.0,0.01,999.0,0.1384761929512024
3774.0,0.785398,0.01,0.1,0.1,450.0,0.000986933708190918
3774.0,0.785398,0.01,1.0,0.1,400.0,0.0009747147560119629
3774.0,0.0,10.0,0.01,0.1,510.0,0.0009692013263702393
3774.0,0.785398,0.0,0.0,0.1,790.0,0.0008650720119476318
3774.0,0.785398,0.01,0.0,0.01,999.0,0.001002579927444458
3774.0,0.0,1.0,0.01,1.0,980.0,0.0009729266166687012
3774.0,0.0,10.0,10.0,1.0,640.0,0.0009797513484954834
3774.0,0.785398,0.1,10.0,0.0,999.0,0.0010657012462615967
3774.0,0.0,10.0,1.0,1.0,520.0,0.0009902715682983398
3774.0,0.785398,0.01,0.01,0.01,820.0,0.0007660984992980957
3774.0,0.785398,1.0,0.0,0.0,300.0,0.0009995996952056885
5081.0,3.14159,1.0,0.01,10.0,999.0,0.9243187308311462
3774.0,0.785398,0.01,1.0,1.0,540.0,0.000966876745223999
3774.0,0.785398,0.01,0.1,1.0,320.0,0.000978618860244751
3774.0,0.785398,0.01,10.0,0.01,690.0,0.0009755492210388184
3774.0,0.0,0.1,0.1,10.0,670.0,0.0009047389030456543
3774.0,0.785398,1.0,0.01,0.0,230.0,0.0009651482105255127
3774.0,0.785398,1.0,0.1,0.0,220.0,0.0009211301803588867
3774.0,0.785398,0.1,0.1,0.01,210.0,0.0009399354457855225
3774.0,0.785398,0.1,0.01,0.01,890.0,0.0008018910884857178
3774.0,0.0,10.0,0.01,1.0,830.0,0.0009211897850036621
3774.0,0.785398,1.0,10.0,0.0,480.0,0.0009857416152954102
3774.0,0.785398,0.0,1.0,1.0,580.0,0.0009289979934692383
3774.0,0.785398,0.01,0.1,10.0,999.0,0.0019067227840423584
3774.0,0.0,10.0,1.0,10.0,999.0,0.0014972388744354248
3774.0,0.785398,0.0,10.0,1.0,999.0,0.002120405435562134
3774.0,0.785398,10.0,0.0,0.0,300.0,0.0008960068225860596
3774.0,0.785398,1.0,0.01,0.01,999.0,0.41667622327804565
3774.0,0.785398,1.0,0.1,0.01,250.0,0.0008956789970397949
3774.0,0.785398,0.0,0.01,10.0,999.0,0.0027475059032440186
3774.0,0.785398,0.0,0.0,1.0,690.0,0.0009341239929199219
3774.0,0.785398,0.01,1.0,10.0,410.0,0.000796973705291748
3774.0,0.785398,0.1,1.0,0.1,800.0,0.000981360673904419
3774.0,0.785398,0.0,0.1,0.1,230.0,0.000997394323348999
3774.0,0.785398,10.0,0.0,0.01,999.0,0.0011826157569885254
3774.0,0.785398,1.0,0.1,0.1,290.0,0.0009888410568237305
3774.0,0.785398,0.01,0.01,0.1,410.0,0.0009472966194152832
3774.0,0.785398,0.01,10.0,0.1,999.0,0.0029983222484588623
3774.0,0.785398,0.01,0.0,0.1,730.0,0.0009489059448242188
3774.0,0.785398,0.0,0.1,1.0,999.0,0.0015383362770080566
3774.0,0.785398,10.0,0.01,0.0,999.0,0.0210992693901062
3774.0,0.785398,10.0,1.0,0.0,480.0,0.0009870529174804688
3774.0,0.785398,10.0,10.0,0.0,830.0,0.0009282827377319336
3774.0,0.785398,0.1,10.0,0.01,440.0,0.0008801817893981934
3774.0,0.785398,1.0,0.1,1.0,340.0,0.0009461343288421631
3774.0,1.5708,0.0,0.0,0.0,180.0,0.0009410977363586426
3774.0,0.785398,0.0,0.0,10.0,999.0,0.0010967850685119629
3774.0,0.0,10.0,0.01,10.0,999.0,0.18901494145393372
3774.0,0.785398,0.01,0.01,1.0,520.0,0.0009820163249969482
3774.0,1.5708,0.0,0.01,0.0,200.0,0.0009641945362091064
3774.0,1.5708,0.0,1.0,0.0,999.0,0.003374040126800537
3774.0,0.785398,0.1,0.1,10.0,999.0,0.0019603371620178223
3774.0,0.785398,1.0,0.01,0.1,999.0,0.41667264699935913
3774.0,0.785398,10.0,0.1,0.01,999.0,0.9470805525779724
3774.0,0.785398,0.1,1.0,1.0,999.0,0.005233138799667358
3774.0,0.785398,1.0,0.1,10.0,190.0,0.0009492933750152588
3774.0,1.5708,0.0,0.01,0.01,180.0,0.0009313225746154785
3774.0,1.5708,0.0,0.0,0.01,160.0,0.0009686946868896484
3774.0,1.5708,0.0,10.0,0.0,310.0,0.0009282827377319336
3774.0,1.5708,0.01,0.0,0.0,300.0,0.0009627044200897217
3774.0,0.785398,1.0,0.0,1.0,310.0,0.0009686946868896484
3774.0,0.785398,0.1,0.0,1.0,640.0,0.0009416937828063965
3774.0,1.5708,0.01,0.01,0.0,250.0,0.0009766221046447754
3774.0,1.5708,0.0,0.1,0.01,290.0,0.0008461177349090576
3774.0,1.5708,0.01,1.0,0.0,240.0,0.0009986460208892822
3774.0,0.785398,0.01,0.0,1.0,750.0,0.0009200572967529297
3774.0,0.785398,1.0,10.0,0.1,730.0,0.0009358823299407959
3774.0,0.785398,10.0,1.0,0.01,630.0,0.0009693801403045654
3774.0,1.5708,0.0,0.01,1.0,250.0,0.000914156436920166
3774.0,0.785398,0.1,0.01,1.0,999.0,0.0031633079051971436
3774.0,0.785398,10.0,0.01,0.01,999.0,0.9331457018852234
3774.0,0.785398,10.0,0.0,0.1,330.0,0.0009216070175170898
3774.0,1.5708,0.0,10.0,0.01,550.0,0.0009698569774627686
3774.0,0.785398,10.0,10.0,0.01,850.0,0.0008275210857391357
3774.0,1.5708,0.0,0.0,0.1,140.0,0.0009868741035461426
3774.0,0.785398,0.01,10.0,1.0,999.0,0.004063338041305542
3774.0,1.5708,0.01,0.01,0.01,290.0,0.0009399950504302979
3774.0,1.5708,0.01,1.0,0.01,880.0,0.0009784996509552002
3774.0,0.785398,1.0,0.0,10.0,630.0,0.0009440779685974121
3774.0,0.785398,0.0,0.1,10.0,999.0,0.003150850534439087
3774.0,1.5708,0.0,0.01,10.0,200.0,0.000955432653427124
3774.0,1.5708,0.01,0.1,0.01,240.0,0.0009419918060302734
3774.0,1.5708,0.01,0.0,0.01,170.0,0.0009549260139465332
3774.0,1.5708,0.01,10.0,0.0,440.0,0.0008134245872497559
3774.0,0.785398,10.0,0.0,1.0,400.0,0.000879138708114624
3774.0,1.5708,0.1,0.01,0.0,140.0,0.0009570121765136719
3774.0,1.5708,0.0,0.1,1.0,290.0,0.0009656548500061035
3774.0,1.5708,0.1,1.0,0.0,440.0,0.0009193718433380127
3774.0,1.5708,0.1,10.0,0.0,710.0,0.0009292364120483398
3774.0,1.5708,0.01,0.01,0.1,310.0,0.0008715689182281494
3774.0,1.5708,0.01,0.1,0.1,460.0,0.000997304916381836
3774.0,0.785398,1.0,0.01,1.0,290.0,0.0008599162101745605
3774.0,0.785398,0.1,0.0,10.0,999.0,0.00150376558303833
3774.0,1.5708,0.1,0.01,0.01,220.0,0.0009317696094512939
3774.0,1.5708,0.0,10.0,0.1,800.0,0.0009350180625915527
3774.0,1.5708,1.0,0.0,0.0,590.0,0.0007804036140441895
3774.0,0.785398,0.1,10.0,1.0,999.0,0.0019275248050689697
3774.0,0.785398,10.0,0.1,0.1,999.0,0.41268306970596313
3774.0,0.785398,0.01,0.0,10.0,999.0,0.0011772513389587402
3774.0,1.5708,0.0,0.1,10.0,840.0,0.0009422898292541504
3774.0,0.785398,0.1,1.0,10.0,580.0,0.000979006290435791
3774.0,1.5708,0.1,0.01,0.1,370.0,0.0009824931621551514
3774.0,0.785398,1.0,0.01,10.0,999.0,0.000950545072555542
3774.0,1.5708,1.0,0.01,0.0,770.0,0.000989079475402832
3774.0,1.5708,0.01,0.01,1.0,240.0,0.0009266138076782227
3774.0,1.5708,0.1,0.0,1.0,260.0,0.0009235143661499023
3774.0,0.785398,10.0,0.01,0.1,999.0,0.9364124536514282
3774.0,0.785398,10.0,1.0,0.1,999.0,0.018271654844284058
3774.0,1.5708,0.01,0.1,1.0,490.0,0.000913083553314209
3774.0,1.5708,0.1,0.1,0.01,350.0,0.0009770393371582031
3774.0,0.785398,1.0,10.0,1.0,999.0,0.0013543963432312012
3774.0,1.5708,0.1,0.01,1.0,210.0,0.000926673412322998
3774.0,0.785398,0.1,0.01,10.0,999.0,0.0027131736278533936
3774.0,1.5708,0.01,1.0,0.1,330.0,0.0009634792804718018
3774.0,1.5708,0.01,0.01,10.0,310.0,0.0009092092514038086
3774.0,1.5708,0.1,0.0,10.0,170.0,0.0009140372276306152
3774.0,0.785398,0.01,10.0,10.0,999.0,0.0017021000385284424
3774.0,1.5708,1.0,0.0,0.01,999.0,0.41126489639282227
3774.0,1.5708,1.0,0.1,0.0,999.0,0.0014847815036773682
3774.0,1.5708,0.1,0.01,10.0,330.0,0.0009887218475341797
3774.0,1.5708,0.0,10.0,1.0,999.0,0.001159965991973877
3774.0,1.5708,10.0,0.0,0.0,999.0,0.021488428115844727
3774.0,1.5708,0.1,0.1,0.1,200.0,0.000872880220413208
3774.0,1.5708,0.0,0.0,10.0,120.0,0.0008956193923950195
3774.0,1.5708,0.01,1.0,1.0,470.0,0.0009862184524536133
3774.0,1.5708,10.0,0.01,0.0,999.0,0.9237129092216492
3774.0,1.5708,10.0,0.1,0.0,999.0,0.9245057106018066
3774.0,1.5708,0.0,1.0,1.0,620.0,0.0009683072566986084
3774.0,1.5708,1.0,1.0,0.01,670.0,0.0008893013000488281
3774.0,1.5708,0.1,0.1,1.0,340.0,0.0009489357471466064
3774.0,1.5708,1.0,0.01,0.01,580.0,0.0009123384952545166
3774.0,0.785398,0.1,10.0,10.0,999.0,0.0015106797218322754
3774.0,3.14159,0.0,0.1,0.0,999.0,0.38625866174697876
3774.0,3.14159,0.0,0.01,0.01,999.0,0.3792737126350403
3774.0,0.785398,10.0,0.1,1.0,670.0,0.0009595751762390137
3774.0,3.14159,0.0,1.0,0.0,320.0,0.0009846091270446777
3774.0,0.785398,10.0,0.01,1.0,999.0,0.940052330493927
3774.0,1.5708,0.1,1.0,0.1,590.0,0.0009856820106506348
3774.0,0.785398,10.0,10.0,1.0,500.0,0.0009660422801971436
3774.0,1.5708,10.0,1.0,0.01,400.0,0.0009217262268066406
3774.0,3.14159,0.0,10.0,0.0,350.0,0.0009280145168304443
3774.0,1.5708,0.01,1.0,10.0,999.0,0.0014733374118804932
3774.0,3.14159,0.01,0.0,0.0,999.0,0.9999993443489075
3774.0,3.14159,0.0,1.0,0.01,890.0,0.0009716153144836426
3774.0,3.14159,0.01,0.01,0.01,999.0,0.3851572871208191
3774.0,1.5708,0.01,10.0,1.0,999.0,0.0010901391506195068
3774.0,1.5708,0.0,1.0,10.0,840.0,0.000909656286239624
3774.0,1.5708,10.0,10.0,0.01,450.0,0.0009301304817199707
3774.0,1.5708,10.0,1.0,0.1,710.0,0.0009434223175048828
3774.0,3.14159,0.01,0.1,0.0,999.0,0.5166544914245605
3774.0,1.5708,0.0,10.0,10.0,680.0,0.0009214878082275391
3774.0,1.5708,1.0,0.01,0.1,630.0,0.0009810924530029297
3774.0,1.5708,1.0,1.0,0.1,590.0,0.0009481608867645264
3774.0,3.14159,0.0,10.0,0.01,350.0,0.0009661316871643066
3774.0,1.5708,1.0,0.0,0.1,999.0,0.4169396758079529
3774.0,1.5708,1.0,0.1,0.01,480.0,0.0009448528289794922
3774.0,1.5708,10.0,0.01,0.01,300.0,0.0009151995182037354
3774.0,0.785398,10.0,10.0,10.0,999.0,0.001889556646347046
3774.0,1.5708,10.0,0.0,0.01,999.0,0.9315322041511536
3774.0,1.5708,1.0,10.0,1.0,890.0,0.0009795129299163818
3774.0,0.785398,10.0,0.1,10.0,999.0,0.438368022441864
3774.0,1.5708,0.1,1.0,1.0,300.0,0.0009965896606445312
3774.0,3.14159,0.01,1.0,0.0,710.0,0.0009874999523162842
3774.0,1.5708,10.0,0.1,0.01,500.0,0.0008817911148071289
3774.0,0.785398,1.0,10.0,10.0,999.0,0.0012394487857818604
3774.0,0.785398,10.0,1.0,1.0,540.0,0.0008834898471832275
3774.0,1.5708,10.0,0.01,0.1,420.0,0.0009672939777374268
3774.0,3.14159,0.0,10.0,0.1,310.0,0.0009771287441253662
3774.0,1.5708,10.0,10.0,0.1,310.0,0.0009766221046447754
3774.0,0.785398,10.0,0.01,10.0,999.0,0.9414125680923462
3774.0,1.5708,0.1,1.0,10.0,999.0,0.001196146011352539
3774.0,1.5708,0.1,10.0,1.0,999.0,0.004359304904937744
3774.0,1.5708,10.0,1.0,1.0,999.0,0.0013656020164489746
3774.0,3.14159,0.1,0.0,0.0,990.0,0.0009543001651763916
3774.0,1.5708,1.0,1.0,1.0,460.0,0.0009810328483581543
3774.0,1.5708,1.0,0.01,1.0,550.0,0.0009974241256713867
3774.0,3.14159,0.0,10.0,1.0,630.0,0.0009977519512176514
3774.0,1.5708,10.0,0.01,1.0,290.0,0.0009798705577850342
3774.0,3.14159,0.1,0.01,0.0,750.0,0.0009855031967163086
3774.0,3.14159,0.0,1.0,0.1,620.0,0.0009998083114624023
3774.0,3.14159,0.1,0.1,0.0,999.0,0.377166211605072
3774.0,1.5708,10.0,0.1,0.1,210.0,0.000906825065612793
3774.0,3.14159,0.0,0.1,0.1,999.0,0.005504906177520752
3774.0,3.14159,0.01,0.01,0.1,999.0,0.3788861632347107
3774.0,1.5708,1.0,10.0,10.0,999.0,0.0047721266746521
3774.0,1.5708,10.0,0.1,1.0,999.0,0.001206815242767334
3774.0,1.5708,1.0,0.0,1.0,430.0,0.0009810328483581543
3774.0,1.5708,1.0,0.1,1.0,380.0,0.0009522736072540283
3774.0,1.5708,10.0,0.0,0.1,999.0,0.9257814288139343
3774.0,3.14159,0.01,0.0,0.01,999.0,0.37699031829833984
3774.0,1.5708,1.0,0.01,10.0,999.0,0.002876788377761841
3774.0,3.14159,1.0,0.0,0.0,580.0,0.0008853375911712646
3774.0,3.14159,1.0,0.01,0.0,999.0,0.024649202823638916
3774.0,3.14159,1.0,0.1,0.0,999.0,0.38427430391311646
3774.0,3.14159,0.0,1.0,1.0,999.0,0.0015043020248413086
3774.0,1.5708,10.0,1.0,10.0,999.0,0.0013669729232788086
3774.0,3.14159,0.0,0.01,0.1,999.0,0.37533849477767944
3774.0,1.5708,1.0,0.0,10.0,940.0,0.0009278953075408936
3774.0,3.14159,0.1,0.01,0.01,999.0,0.004976481199264526
3774.0,3.14159,0.1,0.0,0.01,999.0,0.015393614768981934
3774.0,3.14159,0.01,1.0,0.1,590.0,0.000992506742477417
3774.0,3.14159,1.0,1.0,0.0,430.0,0.0009281933307647705
3774.0,1.5708,0.1,10.0,10.0,999.0,0.0010995268821716309
3774.0,1.5708,10.0,10.0,10.0,370.0,0.0009117722511291504
3774.0,3.14159,0.1,1.0,0.01,480.0,0.0009465813636779785
3774.0,3.14159,0.0,0.1,1.0,999.0,0.9241254925727844
3774.0,3.14159,10.0,0.0,0.0,410.0,0.0009836554527282715
3774.0,3.14159,0.1,10.0,0.01,680.0,0.0009558796882629395
3774.0,3.14159,1.0,0.0,0.01,540.0,0.0008956789970397949
3774.0,3.14159,0.1,0.1,0.01,999.0,0.001887500286102295
3774.0,3.14159,10.0,0.01,0.0,400.0,0.0009868741035461426
3774.0,3.14159,0.01,0.1,0.1,999.0,0.0015457570552825928
3774.0,3.14159,0.01,0.01,1.0,999.0,0.948455810546875
3774.0,3.14159,0.01,10.0,0.1,550.0,0.0009885132312774658
3774.0,3.14159,0.01,1.0,1.0,830.0,0.000985473394393921
3774.0,1.5708,10.0,0.1,10.0,630.0,0.000982135534286499
3774.0,3.14159,10.0,10.0,0.0,999.0,0.0010628104209899902
3774.0,3.14159,10.0,0.01,0.01,830.0,0.0009846091270446777
3774.0,1.5708,10.0,0.0,1.0,999.0,0.12863007187843323
3774.0,3.14159,1.0,0.1,0.01,999.0,0.9281858801841736
3774.0,3.14159,1.0,0.0,0.1,900.0,0.000933229923248291
7427.0,0.0,0.0,0.01,0.01,999.0,0.1228255033493042
7427.0,0.0,0.0,0.1,0.01,999.0,0.3281116485595703
7427.0,0.0,0.0,1.0,0.01,790.0,0.0008632838726043701
3774.0,3.14159,0.1,0.0,0.1,440.0,0.0009888112545013428
3774.0,3.14159,0.1,10.0,0.1,680.0,0.0009742975234985352
3774.0,3.14159,0.0,0.1,10.0,999.0,0.9235838651657104
3774.0,3.14159,0.01,0.0,0.1,999.0,0.37054163217544556
3774.0,3.14159,0.1,0.0,1.0,999.0,0.5366694331169128
3774.0,3.14159,0.1,0.1,0.1,999.0,0.2089671492576599
3774.0,3.14159,10.0,1.0,0.1,290.0,0.0009770393371582031
7427.0,0.0,0.01,0.01,0.01,999.0,0.09886622428894043
7427.0,0.0,0.01,0.1,0.0,560.0,0.000981360673904419
3774.0,3.14159,0.0,0.01,1.0,999.0,0.37216657400131226
3774.0,3.14159,10.0,10.0,0.01,999.0,0.0034339427947998047
3774.0,3.14159,0.1,0.0,10.0,999.0,0.9245079755783081
3774.0,3.14159,0.1,0.1,1.0,999.0,0.9253171682357788
7427.0,0.0,0.01,0.1,0.01,999.0,0.0021971166133880615
3774.0,3.14159,0.01,0.0,1.0,999.0,0.40116459131240845
7427.0,0.0,0.1,10.0,0.0,540.0,0.0009904205799102783
7427.0,0.0,0.0,0.01,10.0,760.0,0.0009913742542266846
7427.0,0.0,1.0,0.01,0.0,999.0,0.001435011625289917
7427.0,0.0,0.1,0.0,0.01,999.0,0.41666603088378906
7427.0,0.0,10.0,10.0,0.0,480.0,0.000992119312286377
7427.0,0.0,0.01,10.0,0.1,570.0,0.0009423196315765381
7427.0,0.0,1.0,1.0,0.0,860.0,0.0009405314922332764
3774.0,3.14159,1.0,0.1,10.0,999.0,0.4530966281890869
7427.0,0.0,1.0,0.0,0.01,870.0,0.0009183883666992188
7427.0,0.0,0.0,0.1,10.0,999.0,0.006432652473449707
7427.0,0.785398,0.0,0.0,0.0,999.0,0.14714735746383667
7427.0,0.0,0.1,1.0,0.01,999.0,0.02135738730430603
7427.0,0.0,1.0,0.1,0.0,280.0,0.0008551478385925293
7427.0,0.0,0.01,0.0,1.0,770.0,0.0009565651416778564
7427.0,0.0,10.0,0.01,0.0,999.0,0.0012711584568023682
7427.0,0.0,0.01,0.01,0.1,540.0,0.0009928345680236816
7427.0,0.0,10.0,0.0,0.1,999.0,0.39085108041763306
7427.0,0.785398,0.0,0.01,0.0,520.0,0.0008502304553985596
7427.0,0.0,1.0,0.1,0.01,210.0,0.0009213089942932129
7427.0,0.0,0.1,0.1,0.1,340.0,0.000962674617767334
7427.0,0.0,10.0,0.1,0.01,999.0,0.31063568592071533
7427.0,0.0,10.0,10.0,0.01,999.0,0.0012064576148986816
3774.0,3.14159,0.1,0.1,10.0,999.0,0.9420800805091858
7427.0,0.0,10.0,1.0,0.01,650.0,0.000988990068435669
7427.0,0.0,1.0,0.1,0.1,300.0,0.000966191291809082
7427.0,0.0,0.01,10.0,1.0,999.0,0.002214491367340088
7427.0,0.0,0.1,0.01,0.1,570.0,0.0009579062461853027
7427.0,0.785398,0.0,0.01,0.01,360.0,0.0009214282035827637
7427.0,0.0,0.01,0.1,0.1,999.0,0.0018758773803710938
7427.0,0.0,0.01,0.01,1.0,999.0,0.005079388618469238
7427.0,0.0,0.1,0.1,1.0,999.0,0.0036688148975372314
7427.0,0.0,0.01,0.0,10.0,999.0,0.0020220577716827393
7427.0,0.0,0.01,1.0,1.0,999.0,0.0026197731494903564
7427.0,0.785398,0.0,1.0,0.0,999.0,0.001027822494506836
7427.0,0.785398,0.0,0.01,0.1,240.0,0.0008916556835174561
7427.0,0.0,1.0,1.0,0.01,480.0,0.0009726285934448242
7427.0,0.0,1.0,0.0,0.1,540.0,0.0009218454360961914
3774.0,3.14159,10.0,0.1,10.0,570.0,0.0008699297904968262
7427.0,0.785398,0.0,0.1,0.01,210.0,0.0009225904941558838
7427.0,0.0,0.1,0.0,0.1,560.0,0.0008632242679595947
7427.0,0.785398,0.0,10.0,0.0,270.0,0.0009905993938446045
7427.0,0.0,0.1,1.0,0.1,540.0,0.0009279251098632812
7427.0,0.0,1.0,0.01,0.01,400.0,0.0007896125316619873
7427.0,0.0,10.0,0.01,0.01,999.0,0.03264886140823364
7427.0,0.785398,0.0,0.0,0.01,999.0,0.15197709202766418
7427.0,0.0,10.0,1.0,0.1,580.0,0.0008403658866882324
7427.0,0.0,0.1,0.01,1.0,999.0,0.0036398768424987793
7427.0,0.0,1.0,10.0,0.1,420.0,0.0009706020355224609
7427.0,0.0,10.0,10.0,0.1,990.0,0.0009830296039581299
7427.0,0.0,0.1,10.0,1.0,850.0,0.0009593963623046875
7427.0,0.785398,0.0,10.0,0.01,290.0,0.0009451508522033691
7427.0,0.0,1.0,1.0,0.1,300.0,0.0008608102798461914
7427.0,0.0,0.01,10.0,10.0,999.0,0.003977030515670776
7427.0,0.0,1.0,0.01,0.1,410.0,0.000950157642364502
7427.0,0.785398,0.0,0.1,1.0,999.0,0.0013822317123413086
7427.0,0.785398,0.0,10.0,0.1,320.0,0.0009659826755523682
7427.0,0.785398,0.0,1.0,0.01,340.0,0.000984102487564087
7427.0,0.785398,0.01,1.0,0.0,280.0,0.0009900927543640137
7427.0,1.5708,0.0,0.0,0.0,180.0,0.0009410977363586426
7427.0,1.5708,0.0,0.01,0.0,170.0,0.0009167194366455078
7427.0,1.5708,0.0,0.1,0.0,490.0,0.0008875727653503418
7427.0,1.5708,0.0,10.0,0.0,460.0,0.0009476542472839355
7427.0,1.5708,0.01,0.0,0.0,400.0,0.0009752511978149414
7427.0,1.5708,0.01,0.01,0.0,130.0,0.0009884238243103027
7427.0,1.5708,0.01,0.1,0.0,260.0,0.0009446144104003906
7427.0,1.5708,0.01,1.0,0.0,999.0,0.0010093152523040771
7427.0,1.5708,0.01,10.0,0.0,380.0,0.0009950697422027588
7427.0,1.5708,0.1,0.0,0.0,150.0,0.0009084939956665039
7427.0,1.5708,0.1,0.01,0.0,310.0,0.0009329319000244141
7427.0,1.5708,0.1,0.1,0.0,210.0,0.0009669363498687744
7427.0,1.5708,0.1,1.0,0.0,880.0,0.0009873509407043457
7427.0,1.5708,0.1,10.0,0.0,570.0,0.0008043944835662842
7427.0,1.5708,1.0,0.1,0.0,650.0,0.0009431242942810059
7427.0,1.5708,1.0,0.0,0.0,999.0,0.004041910171508789
7427.0,1.5708,1.0,0.01,0.0,780.0,0.0009227991104125977
7427.0,1.5708,10.0,0.01,0.0,360.0,0.0009981393814086914
7427.0,1.5708,1.0,10.0,0.0,270.0,0.0009227991104125977
700.0,1.5708,0.0,0.0,0.0,180.0,0.0009410977363586426
700.0,1.5708,0.0,0.01,0.0,180.0,0.0009108185768127441
700.0,1.5708,0.0,0.1,0.0,440.0,0.0009424090385437012
700.0,1.5708,0.0,1.0,0.0,820.0,0.0009417533874511719
7427.0,1.5708,0.0,0.0,0.01,260.0,0.0009608864784240723
7427.0,1.5708,0.1,0.0,0.01,180.0,0.0009718537330627441
7427.0,1.5708,0.0,0.01,0.01,190.0,0.0009472370147705078
700.0,1.5708,0.0,0.01,0.01,180.0,0.0009972751140594482
7427.0,1.5708,0.1,0.1,0.01,510.0,0.0009633898735046387
7427.0,1.5708,1.0,10.0,0.01,999.0,0.22154369950294495
7427.0,1.5708,0.01,0.1,0.01,370.0,0.0009222328662872314
7427.0,1.5708,0.01,0.0,0.01,240.0,0.0009322762489318848
7427.0,1.5708,0.1,0.0,0.1,140.0,0.0008842647075653076
700.0,1.5708,0.0,10.0,0.01,999.0,0.1727566421031952
7427.0,1.5708,0.0,0.01,0.1,280.0,0.0009049177169799805
700.0,1.5708,0.0,0.1,0.01,360.0,0.0009448528289794922
7427.0,1.5708,0.0,0.0,0.1,220.0,0.0009087026119232178
7427.0,1.5708,10.0,0.01,0.01,240.0,0.0009398460388183594
7427.0,1.5708,0.01,10.0,0.01,999.0,0.02171391248703003
7427.0,1.5708,0.0,10.0,0.01,290.0,0.0009748339653015137
700.0,1.5708,0.0,0.0,0.1,160.0,0.0008797645568847656
7427.0,1.5708,0.0,0.1,0.01,400.0,0.0009710192680358887
7427.0,1.5708,0.1,0.0,1.0,150.0,0.0009216666221618652
7427.0,1.5708,10.0,1.0,0.01,999.0,0.06095212697982788
7427.0,1.5708,0.01,0.0,0.1,160.0,0.000988990068435669
7427.0,1.5708,1.0,0.1,0.01,680.0,0.000987917184829712
7427.0,1.5708,0.0,0.0,1.0,150.0,0.0009655654430389404
7427.0,1.5708,10.0,0.01,0.1,250.0,0.0008092522621154785
7427.0,1.5708,1.0,1.0,0.01,370.0,0.0009872913360595703
7427.0,1.5708,0.01,0.1,0.1,280.0,0.0009299814701080322
700.0,1.5708,0.0,0.0,1.0,280.0,0.0009217262268066406
7427.0,1.5708,0.1,0.0,10.0,390.0,0.0008969604969024658
7427.0,1.5708,0.0,0.01,1.0,290.0,0.0008890032768249512
7427.0,1.5708,0.1,0.01,1.0,170.0,0.0008560121059417725
7427.0,1.5708,0.01,0.0,1.0,400.0,0.0009694993495941162
700.0,1.5708,0.0,0.1,0.1,210.0,0.0009680688381195068
700.0,1.5708,0.0,1.0,0.01,610.0,0.0009918510913848877
7427.0,1.5708,0.0,0.0,10.0,180.0,0.000894397497177124
7427.0,1.5708,0.1,0.1,0.1,280.0,0.0009174346923828125
700.0,1.5708,0.0,0.01,1.0,320.0,0.0009909272193908691
7427.0,1.5708,0.0,10.0,0.1,230.0,0.0009707212448120117
7427.0,1.5708,1.0,0.01,0.01,470.0,0.0009285211563110352
7427.0,1.5708,0.1,0.01,10.0,660.0,0.00098496675491333
7427.0,1.5708,10.0,10.0,0.1,370.0,0.0009760260581970215
700.0,1.5708,0.01,0.0,0.0,270.0,0.000992894172668457
700.0,1.5708,0.0,0.1,1.0,510.0,0.0008942484855651855
7427.0,1.5708,0.1,1.0,0.01,410.0,0.0009833574295043945
7427.0,1.5708,10.0,0.1,0.01,280.0,0.0008861124515533447
7427.0,1.5708,0.0,0.1,0.1,290.0,0.0009739995002746582
7427.0,1.5708,10.0,0.01,1.0,380.0,0.000917583703994751
7427.0,1.5708,0.01,0.01,1.0,210.0,0.0009182989597320557
7427.0,1.5708,0.01,0.1,1.0,240.0,0.0009187757968902588
700.0,1.5708,0.0,0.0,10.0,170.0,0.0009259283542633057
7427.0,1.5708,0.0,0.01,10.0,200.0,0.0009754598140716553
7427.0,1.5708,1.0,0.0,0.01,680.0,0.0009322166442871094
7427.0,1.5708,0.0,10.0,1.0,520.0,0.0009865760803222656
7427.0,1.5708,0.1,0.1,1.0,200.0,0.0009393990039825439
7427.0,1.5708,0.01,0.0,10.0,440.0,0.0009967684745788574
700.0,1.5708,0.01,0.01,0.0,170.0,0.0009415745735168457
700.0,1.5708,0.01,0.0,0.01,160.0,0.0008482635021209717
700.0,1.5708,0.0,0.01,10.0,240.0,0.0009694099426269531
7427.0,1.5708,1.0,10.0,0.1,999.0,0.0015756785869598389
700.0,1.5708,0.01,0.1,0.0,230.0,0.0009170174598693848
7427.0,1.5708,1.0,0.1,0.1,550.0,0.0009290575981140137
7427.0,1.5708,0.01,0.1,10.0,220.0,0.0009889602661132812
7427.0,1.5708,10.0,10.0,1.0,999.0,0.0016160011291503906
7427.0,1.5708,0.0,0.1,1.0,570.0,0.0008643567562103271
700.0,1.5708,0.0,1.0,0.1,830.0,0.0009170174598693848
7427.0,1.5708,0.1,0.1,10.0,320.0,0.0009940862655639648
7427.0,1.5708,0.01,0.01,10.0,210.0,0.0008608698844909668
700.0,1.5708,0.01,0.0,0.1,700.0,0.0009608268737792969
7427.0,1.5708,1.0,0.01,0.1,999.0,0.0010631084442138672
7427.0,1.5708,10.0,0.01,10.0,690.0,0.000906139612197876
7427.0,1.5708,0.1,1.0,0.1,400.0,0.000995337963104248
700.0,1.5708,0.0,10.0,0.1,690.0,0.0008057057857513428
700.0,1.5708,0.01,0.1,0.01,680.0,0.0009715855121612549
7427.0,1.5708,0.01,10.0,0.1,440.0,0.0009914934635162354
700.0,1.5708,0.1,0.0,0.0,250.0,0.0009171664714813232
700.0,1.5708,0.1,0.01,0.0,240.0,0.0008184909820556641
7427.0,1.5708,0.01,1.0,0.01,320.0,0.0009927153587341309
700.0,1.5708,0.01,0.01,0.1,250.0,0.0008076727390289307
7427.0,1.5708,1.0,1.0,1.0,999.0,0.0019497871398925781
7427.0,1.5708,10.0,1.0,0.1,999.0,0.001706540584564209
700.0,1.5708,0.1,0.1,0.0,170.0,0.0009750127792358398
7427.0,1.5708,0.1,10.0,1.0,999.0,0.0010476410388946533
700.0,1.5708,0.1,1.0,0.0,999.0,0.0018085241317749023
7427.0,1.5708,0.0,10.0,10.0,999.0,0.0009255111217498779
700.0,1.5708,0.1,10.0,0.0,310.0,0.0009871125221252441
7427.0,1.5708,1.0,0.1,1.0,990.0,0.0009713470935821533
700.0,1.5708,0.01,1.0,0.01,510.0,0.000983893871307373
700.0,1.5708,0.1,0.0,0.01,290.0,0.0009393692016601562
7427.0,1.5708,1.0,0.0,0.1,710.0,0.0008985996246337891
7427.0,1.5708,0.1,1.0,1.0,540.0,0.0009346604347229004
700.0,1.5708,0.01,0.01,1.0,170.0,0.0008752346038818359
700.0,1.5708,1.0,0.0,0.01,590.0,0.0009605586528778076
700.0,1.5708,0.01,0.0,1.0,200.0,0.0009078383445739746
7427.0,1.5708,0.01,10.0,1.0,940.0,0.0009737014770507812
700.0,1.5708,0.1,0.01,0.1,180.0,0.0009530782699584961
700.0,1.5708,0.1,0.1,0.1,180.0,0.0008862316608428955
700.0,1.5708,0.01,10.0,0.01,410.0,0.0009562969207763672
7427.0,1.5708,10.0,0.0,1.0,999.0,0.0011049509048461914
700.0,1.5708,0.01,0.01,10.0,290.0,0.0009960532188415527
700.0,1.5708,0.0,1.0,1.0,999.0,0.0018154382705688477
7427.0,1.5708,1.0,10.0,1.0,999.0,0.0011533498764038086
700.0,1.5708,1.0,0.01,0.0,450.0,0.0009119510650634766
700.0,1.5708,0.1,0.01,1.0,800.0,0.0009958744049072266
700.0,1.5708,0.0,10.0,1.0,730.0,0.0009885430335998535
700.0,1.5708,0.1,0.1,1.0,480.0,0.0009567439556121826
7427.0,1.5708,10.0,10.0,10.0,999.0,0.003998816013336182
700.0,1.5708,0.01,1.0,0.1,490.0,0.0009508728981018066
700.0,1.5708,1.0,1.0,0.0,190.0,0.0009153783321380615
7427.0,1.5708,0.1,1.0,10.0,999.0,0.002289384603500366
7427.0,1.5708,1.0,0.01,1.0,470.0,0.00097733736038208
700.0,1.5708,1.0,10.0,0.0,150.0,0.0009772777557373047
700.0,1.5708,1.0,0.0,0.1,570.0,0.000911712646484375
700.0,1.5708,0.1,0.0,10.0,200.0,0.0009523630142211914
700.0,1.5708,0.01,0.1,1.0,350.0,0.0009817779064178467
7427.0,1.5708,1.0,0.0,1.0,710.0,0.0009990036487579346
7427.0,1.5708,1.0,0.1,10.0,650.0,0.0009388327598571777
7427.0,1.5708,0.1,10.0,10.0,999.0,0.0013207793235778809
7427.0,1.5708,1.0,1.0,10.0,999.0,0.001911163330078125
700.0,1.5708,1.0,0.01,0.01,999.0,0.3785691261291504
7427.0,1.5708,10.0,1.0,1.0,999.0,0.002550661563873291
700.0,1.5708,0.1,0.1,10.0,780.0,0.0009964406490325928
700.0,1.5708,10.0,0.0,0.0,610.0,0.0009678006172180176
700.0,1.5708,10.0,0.01,0.0,999.0,0.06122368574142456
700.0,1.5708,0.01,1.0,1.0,860.0,0.0008990466594696045
700.0,1.5708,0.1,0.01,10.0,540.0,0.0009151995182037354
700.0,1.5708,0.01,0.1,10.0,690.0,0.000756680965423584
7427.0,1.5708,1.0,0.01,10.0,999.0,0.0024360716342926025
7427.0,1.5708,0.01,1.0,1.0,999.0,0.02138572931289673
700.0,1.5708,0.0,1.0,10.0,999.0,0.0023934245109558105
7427.0,1.5708,0.01,10.0,10.0,999.0,0.0027149319648742676
700.0,1.5708,0.0,10.0,10.0,690.0,0.0008794963359832764
700.0,1.5708,1.0,0.0,1.0,610.0,0.0009050071239471436
7427.0,1.5708,1.0,10.0,10.0,780.0,0.0009542405605316162
700.0,1.5708,0.1,10.0,0.1,580.0,0.0009590983390808105
7427.0,1.5708,10.0,0.1,10.0,560.0,0.000873863697052002
700.0,1.5708,1.0,10.0,0.1,400.0,0.0008684694766998291
700.0,1.5708,0.01,10.0,1.0,999.0,0.003127574920654297
700.0,1.5708,10.0,0.1,0.0,999.0,0.0010936856269836426
7427.0,1.5708,0.0,1.0,1.0,830.0,0.000959545373916626
7427.0,1.5708,1.0,0.0,10.0,850.0,0.0009173750877380371
700.0,1.5708,10.0,10.0,0.0,210.0,0.0009315013885498047
700.0,1.5708,10.0,0.0,0.01,999.0,0.4629918932914734
700.0,1.5708,1.0,10.0,1.0,999.0,0.0010673105716705322
1664.0,1.5708,0.0,0.0,0.0,180.0,0.0009410977363586426
700.0,1.5708,1.0,1.0,0.1,410.0,0.0009744763374328613
1664.0,1.5708,0.0,0.1,0.0,190.0,0.0008906424045562744
700.0,1.5708,1.0,0.0,10.0,999.0,0.0011372864246368408
1664.0,1.5708,0.0,1.0,0.0,480.0,0.0009994208812713623
1664.0,1.5708,0.0,0.0,0.01,320.0,0.000958174467086792
1664.0,1.5708,0.01,0.0,0.0,340.0,0.0008840560913085938
700.0,1.5708,1.0,0.01,0.1,999.0,0.3724753260612488
1664.0,1.5708,0.0,0.1,0.01,300.0,0.000979095697402954
7427.0,1.5708,10.0,1.0,10.0,999.0,0.0014597773551940918
700.0,1.5708,0.01,1.0,10.0,580.0,0.0008963942527770996
700.0,1.5708,0.1,1.0,1.0,999.0,0.001322239637374878
1664.0,1.5708,0.01,1.0,0.0,710.0,0.0008758306503295898
700.0,1.5708,10.0,0.01,0.01,999.0,0.38949233293533325
1664.0,1.5708,0.01,0.01,0.01,170.0,0.0009743869304656982
700.0,1.5708,1.0,1.0,1.0,999.0,0.002686917781829834
700.0,1.5708,0.1,10.0,1.0,999.0,0.0010547935962677002
1664.0,1.5708,0.01,0.1,0.01,340.0,0.000941842794418335
1664.0,1.5708,0.01,10.0,0.0,790.0,0.0009832382202148438
1664.0,1.5708,0.0,0.01,0.01,430.0,0.0009361803531646729
1664.0,1.5708,0.1,0.0,0.0,200.0,0.0009603202342987061
1664.0,1.5708,0.1,0.01,0.0,280.0,0.0009629726409912109
1664.0,1.5708,0.01,0.0,0.01,210.0,0.0009280145168304443
1664.0,1.5708,0.01,0.01,0.1,180.0,0.0009908676147460938
1664.0,1.5708,0.0,0.1,0.1,340.0,0.0009615421295166016
700.0,1.5708,10.0,0.1,0.01,999.0,0.39062947034835815
700.0,1.5708,1.0,0.1,0.1,999.0,0.3611776828765869
1664.0,1.5708,0.1,0.0,0.01,140.0,0.0009283125400543213
1664.0,1.5708,0.0,0.0,1.0,120.0,0.0009561777114868164
700.0,1.5708,10.0,10.0,1.0,999.0,0.002215087413787842
700.0,1.5708,1.0,10.0,10.0,999.0,0.0010641217231750488
1664.0,1.5708,0.01,0.0,0.1,210.0,0.0008956789970397949
1664.0,1.5708,0.01,0.1,0.1,290.0,0.0009812116622924805
1664.0,1.5708,0.1,1.0,0.0,950.0,0.0009603798389434814
1664.0,1.5708,0.1,0.0,0.1,440.0,0.000742793083190918
1664.0,1.5708,0.0,0.0,10.0,220.0,0.0009368062019348145
1664.0,1.5708,0.0,0.01,0.1,140.0,0.0009579062461853027
700.0,1.5708,10.0,0.0,0.1,999.0,0.19168144464492798
7427.0,1.5708,0.01,1.0,10.0,999.0,0.0013934671878814697
700.0,1.5708,10.0,1.0,1.0,999.0,0.0012191534042358398
1664.0,1.5708,0.01,1.0,0.01,720.0,0.0009462237358093262
7427.0,1.5708,0.0,1.0,10.0,730.0,0.0009292960166931152
1664.0,1.5708,0.0,0.01,1.0,210.0,0.0008304715156555176
1664.0,1.5708,0.01,0.1,1.0,920.0,0.0008937716484069824
1664.0,1.5708,0.0,10.0,0.1,580.0,0.0008617937564849854
1664.0,1.5708,1.0,0.0,0.0,430.0,0.000997781753540039
1664.0,1.5708,0.01,0.0,10.0,260.0,0.0009583532810211182
1664.0,1.5708,1.0,0.01,0.0,540.0,0.0009503960609436035
1664.0,1.5708,0.01,10.0,0.01,480.0,0.000940471887588501
1664.0,1.5708,1.0,0.1,0.0,830.0,0.0008760392665863037
1664.0,1.5708,1.0,1.0,0.0,470.0,0.0009787678718566895
700.0,1.5708,1.0,0.01,1.0,999.0,0.36099380254745483
1664.0,1.5708,0.1,0.0,1.0,490.0,0.0009861588478088379
1664.0,1.5708,0.0,1.0,1.0,940.0,0.0009666979312896729
700.0,1.5708,10.0,0.01,0.1,999.0,0.38958996534347534
1664.0,1.5708,1.0,10.0,0.0,999.0,0.0020703673362731934
700.0,1.5708,1.0,1.0,10.0,850.0,0.0009933710098266602
1664.0,1.5708,0.1,0.01,0.1,140.0,0.0009203553199768066
1664.0,1.5708,10.0,0.0,0.0,830.0,0.0009372830390930176
1664.0,1.5708,0.1,0.1,0.1,200.0,0.000992804765701294
1664.0,1.5708,1.0,0.0,0.01,690.0,0.0009188652038574219
700.0,1.5708,10.0,10.0,10.0,999.0,0.002052485942840576
1664.0,1.5708,10.0,0.01,0.0,999.0,0.001178056001663208
1664.0,1.5708,10.0,0.1,0.0,780.0,0.0008806288242340088
1664.0,1.5708,0.1,10.0,0.1,330.0,0.0009916424751281738
1664.0,1.5708,0.0,10.0,1.0,999.0,0.0036056041717529297
700.0,1.5708,1.0,0.1,1.0,999.0,0.3742104172706604
1664.0,1.5708,1.0,0.01,0.01,700.0,0.0009557008743286133
1664.0,1.5708,0.1,0.01,1.0,520.0,0.0009916424751281738
1664.0,1.5708,1.0,1.0,0.01,520.0,0.0009544491767883301
700.0,1.5708,10.0,1.0,10.0,570.0,0.0009662508964538574
1664.0,1.5708,0.1,1.0,0.01,660.0,0.0009824633598327637
700.0,1.5708,10.0,0.0,1.0,999.0,0.9329366087913513
1664.0,1.5708,0.01,1.0,1.0,700.0,0.0009855031967163086
1664.0,1.5708,0.1,10.0,1.0,999.0,0.022114813327789307
1664.0,1.5708,10.0,1.0,0.0,390.0,0.000940173864364624
7262.0,1.5708,0.0,0.0,0.0,200.0,0.0009098649024963379
1664.0,1.5708,0.1,0.1,10.0,440.0,0.0008397996425628662
7262.0,1.5708,0.0,0.01,0.0,150.0,0.000865548849105835
1664.0,1.5708,1.0,0.0,0.1,999.0,0.3648483157157898
7262.0,1.5708,0.0,0.1,0.0,240.0,0.0009230971336364746
1664.0,1.5708,0.01,10.0,1.0,999.0,0.0016565918922424316
1664.0,1.5708,1.0,1.0,0.1,360.0,0.000961989164352417
700.0,1.5708,10.0,0.1,1.0,999.0,0.3762456178665161
1664.0,1.5708,10.0,0.1,0.01,999.0,0.0015196502208709717
7262.0,1.5708,0.0,1.0,0.0,170.0,0.000984489917755127
700.0,1.5708,1.0,0.01,10.0,999.0,0.3696773052215576
1664.0,1.5708,10.0,0.0,0.01,660.0,0.0009192228317260742
7262.0,1.5708,0.0,10.0,0.0,430.0,0.0008960366249084473
7262.0,1.5708,0.0,0.01,0.01,140.0,0.0009425878524780273
700.0,1.5708,10.0,0.01,1.0,999.0,0.3906295895576477
1664.0,1.5708,10.0,1.0,0.01,999.0,0.0010422766208648682
1664.0,1.5708,1.0,10.0,0.01,470.0,0.000989288091659546
7262.0,1.5708,0.0,0.0,0.01,480.0,0.0009103119373321533
1664.0,1.5708,1.0,0.01,0.1,999.0,0.37282878160476685
7262.0,1.5708,0.01,0.0,0.0,310.0,0.0008468925952911377
7262.0,1.5708,0.0,0.1,0.01,210.0,0.000930100679397583
1664.0,1.5708,0.1,1.0,0.1,560.0,0.0008713006973266602
7262.0,1.5708,0.0,1.0,0.01,999.0,0.020764976739883423
1664.0,1.5708,10.0,0.01,0.01,420.0,0.0009586215019226074
1664.0,1.5708,0.01,1.0,10.0,999.0,0.0014875829219818115
1664.0,1.5708,10.0,10.0,0.01,610.0,0.0009730756282806396
7262.0,1.5708,0.01,0.01,0.0,210.0,0.0009760260581970215
7262.0,1.5708,0.0,0.1,0.1,210.0,0.0009528696537017822
1664.0,1.5708,1.0,1.0,1.0,999.0,0.0013001859188079834
1664.0,1.5708,0.0,10.0,10.0,860.0,0.000944972038269043
7262.0,1.5708,0.01,0.0,0.01,200.0,0.0009899139404296875
700.0,1.5708,1.0,0.1,10.0,999.0,0.3762716054916382
1664.0,1.5708,1.0,0.1,0.1,999.0,0.36139625310897827
1664.0,1.5708,0.1,10.0,10.0,999.0,0.0025541186332702637
7262.0,1.5708,0.01,0.01,0.01,190.0,0.0009728968143463135
7262.0,1.5708,0.0,0.1,1.0,370.0,0.0009990930557250977
7262.0,1.5708,0.0,0.01,1.0,230.0,0.0008957087993621826
1664.0,1.5708,10.0,0.01,0.1,630.0,0.0009337961673736572
7262.0,1.5708,0.01,0.0,0.1,160.0,0.0008759498596191406
1664.0,1.5708,1.0,10.0,0.1,480.0,0.0009553730487823486
700.0,1.5708,10.0,0.0,10.0,999.0,0.9420360922813416
1664.0,1.5708,10.0,0.0,0.1,480.0,0.0009389519691467285
7262.0,1.5708,0.01,0.01,0.1,170.0,0.0009428560733795166
1664.0,1.5708,0.1,1.0,1.0,999.0,0.0013378560543060303
7262.0,1.5708,0.01,0.0,1.0,250.0,0.0009955167770385742
7262.0,1.5708,0.01,0.1,0.0,360.0,0.0009890496730804443
7262.0,1.5708,0.0,0.01,10.0,320.0,0.0008859038352966309
1664.0,1.5708,10.0,0.1,0.1,770.0,0.0009741485118865967
700.0,1.5708,10.0,0.1,10.0,660.0,0.0009985268115997314
7262.0,1.5708,0.0,0.0,0.1,230.0,0.0009168684482574463
1664.0,1.5708,1.0,0.0,1.0,860.0,0.000995934009552002
7262.0,1.5708,0.01,0.0,10.0,320.0,0.0009608566761016846
1664.0,1.5708,0.01,10.0,10.0,900.0,0.0009916424751281738
7262.0,1.5708,0.01,1.0,0.0,370.0,0.000990539789199829
7262.0,1.5708,0.01,10.0,0.0,999.0,0.0009711384773254395
7262.0,1.5708,0.1,0.0,0.0,190.0,0.000939100980758667
1664.0,1.5708,1.0,10.0,1.0,660.0,0.0009994804859161377
7262.0,1.5708,0.1,0.01,0.0,190.0,0.0009455680847167969
7262.0,1.5708,0.1,0.1,0.0,440.0,0.0009819567203521729
1664.0,1.5708,10.0,0.01,1.0,999.0,0.0012250244617462158
1664.0,1.5708,1.0,0.01,1.0,999.0,0.0038058459758758545
700.0,1.5708,10.0,0.01,10.0,999.0,0.3737766146659851
7262.0,1.5708,0.01,0.01,10.0,170.0,0.00084686279296875
7262.0,1.5708,0.1,1.0,0.0,690.0,0.0009541213512420654
1664.0,1.5708,10.0,0.0,1.0,999.0,0.003656327724456787
7262.0,1.5708,0.0,0.0,1.0,520.0,0.0009277164936065674
7262.0,1.5708,0.1,10.0,0.0,460.0,0.0009656548500061035
1664.0,1.5708,10.0,10.0,1.0,999.0,0.002076774835586548
7262.0,1.5708,0.1,0.0,0.01,200.0,0.0009171068668365479
7262.0,1.5708,1.0,0.0,0.0,540.0,0.0009146630764007568
7262.0,1.5708,0.1,0.01,0.01,360.0,0.0009732544422149658
7262.0,1.5708,1.0,0.01,0.0,400.0,0.0008579790592193604
1664.0,1.5708,1.0,1.0,10.0,999.0,0.00108376145362854
7262.0,1.5708,0.1,0.0,0.1,190.0,0.0009558796882629395
7262.0,1.5708,1.0,1.0,0.0,110.0,0.0009698867797851562
7262.0,1.5708,0.01,0.1,0.1,190.0,0.000957190990447998
7262.0,1.5708,1.0,10.0,0.0,950.0,0.0009729266166687012
1664.0,1.5708,1.0,0.1,1.0,960.0,0.0009450018405914307
1664.0,1.5708,10.0,0.1,1.0,730.0,0.0009742975234985352
7262.0,1.5708,1.0,1.0,0.01,790.0,0.0007606148719787598
7262.0,1.5708,0.1,0.1,0.01,350.0,0.0009672343730926514
7262.0,1.5708,0.1,0.01,0.1,210.0,0.0009777545928955078
7262.0,1.5708,0.1,10.0,0.01,550.0,0.0009338855743408203
7262.0,1.5708,0.01,0.1,1.0,190.0,0.0009663701057434082
7262.0,1.5708,1.0,0.01,0.01,460.0,0.0009203553199768066
1664.0,1.5708,10.0,1.0,1.0,999.0,0.0017940700054168701
1664.0,1.5708,1.0,10.0,10.0,560.0,0.0009759068489074707
7262.0,1.5708,0.0,10.0,0.1,999.0,0.0020000040531158447
1664.0,1.5708,1.0,0.0,10.0,999.0,0.3906884789466858
7262.0,1.5708,0.1,0.01,10.0,340.0,0.000998765230178833
7262.0,1.5708,0.1,0.1,0.1,290.0,0.0009445250034332275
7262.0,1.5708,1.0,0.1,0.01,460.0,0.000915229320526123
7262.0,1.5708,0.0,1.0,1.0,999.0,0.0034640133380889893
1664.0,1.5708,10.0,0.01,10.0,720.0,0.0009350180625915527
7262.0,1.5708,0.0,0.0,10.0,170.0,0.0008562803268432617
7262.0,1.5708,1.0,0.01,0.1,650.0,0.0008468031883239746
1664.0,1.5708,10.0,10.0,10.0,999.0,0.0017271935939788818
7262.0,1.5708,1.0,0.0,0.1,999.0,0.0018347501754760742
7262.0,1.5708,0.1,10.0,0.1,520.0,0.0008875727653503418
1664.0,1.5708,10.0,0.1,10.0,390.0,0.0009628534317016602
1664.0,1.5708,1.0,0.01,10.0,999.0,0.37612980604171753
7262.0,1.5708,10.0,0.0,0.01,999.0,0.4199029803276062
7262.0,1.5708,10.0,1.0,0.0,440.0,0.0009430944919586182
7262.0,1.5708,10.0,10.0,0.0,410.0,0.0009521543979644775
1664.0,1.5708,10.0,0.0,10.0,420.0,0.0009303689002990723
7262.0,1.5708,0.1,1.0,0.01,370.0,0.0009905099868774414
499.0,1.5708,0.0,0.0,0.0,180.0,0.0009410977363586426
7262.0,1.5708,1.0,10.0,0.01,540.0,0.0009617209434509277
499.0,1.5708,0.0,0.01,0.0,290.0,0.0008648335933685303
499.0,1.5708,0.0,0.1,0.0,490.0,0.0009493231773376465
7262.0,1.5708,10.0,0.1,0.01,730.0,0.0009787976741790771
1664.0,1.5708,1.0,0.1,10.0,999.0,0.40336430072784424
499.0,1.5708,0.0,10.0,0.0,400.0,0.0009624660015106201
7262.0,1.5708,0.1,0.1,10.0,700.0,0.0009934306144714355
7262.0,1.5708,10.0,10.0,0.01,820.0,0.0009809136390686035
499.0,1.5708,0.01,0.0,0.0,210.0,0.0009191036224365234
7262.0,1.5708,1.0,0.01,1.0,250.0,0.0009450316429138184
7262.0,1.5708,10.0,0.01,0.01,250.0,0.0009538531303405762
7262.0,1.5708,10.0,1.0,0.01,180.0,0.0009531378746032715
499.0,1.5708,0.01,0.1,0.0,250.0,0.0009763836860656738
1664.0,1.5708,10.0,1.0,10.0,999.0,0.0038997232913970947
7262.0,1.5708,1.0,0.1,1.0,680.0,0.0009986162185668945
499.0,1.5708,0.0,0.01,0.01,120.0,0.0009831786155700684
7262.0,1.5708,1.0,10.0,0.1,370.0,0.0009621679782867432
499.0,1.5708,0.0,10.0,0.01,360.0,0.0009911656379699707
7262.0,1.5708,0.01,10.0,0.01,400.0,0.0009689927101135254
499.0,1.5708,0.01,0.01,0.01,240.0,0.000994861125946045
499.0,1.5708,0.0,0.1,0.01,150.0,0.0009688138961791992
499.0,1.5708,0.01,1.0,0.0,310.0,0.0009676218032836914
7262.0,1.5708,1.0,0.01,10.0,780.0,0.0009995102882385254
7262.0,1.5708,10.0,1.0,0.1,540.0,0.000916212797164917
499.0,1.5708,0.0,0.0,1.0,240.0,0.0009233355522155762
499.0,1.5708,0.01,0.1,0.01,460.0,0.000970005989074707
499.0,1.5708,0.0,0.01,0.1,360.0,0.0008588731288909912
499.0,1.5708,0.01,10.0,0.0,580.0,0.0009859204292297363
7262.0,1.5708,10.0,0.1,0.1,630.0,0.0009986162185668945
499.0,1.5708,0.01,0.01,0.1,180.0,0.0009601116180419922
7262.0,1.5708,1.0,0.0,1.0,460.0,0.0009844005107879639
499.0,1.5708,0.1,0.0,0.0,200.0,0.0009939074516296387
499.0,1.5708,0.1,0.01,0.0,160.0,0.0009109079837799072
499.0,1.5708,0.01,0.01,1.0,220.0,0.0009590983390808105
7262.0,1.5708,10.0,10.0,0.1,580.0,0.0009391605854034424
499.0,1.5708,0.0,0.1,1.0,310.0,0.0008783936500549316
499.0,1.5708,0.1,0.01,0.01,270.0,0.0009884238243103027
7262.0,1.5708,0.01,1.0,10.0,999.0,0.0015386343002319336
499.0,1.5708,0.1,0.1,0.0,310.0,0.0007040798664093018
499.0,1.5708,0.01,10.0,0.01,250.0,0.0009537339210510254
7262.0,1.5708,0.01,10.0,0.1,240.0,0.0009943842887878418
499.0,1.5708,0.01,0.0,1.0,300.0,0.0008579790592193604
499.0,1.5708,0.01,0.01,10.0,290.0,0.0009428858757019043
499.0,1.5708,0.0,0.01,1.0,200.0,0.0008505880832672119
7262.0,1.5708,0.1,1.0,1.0,999.0,0.0014501512050628662
499.0,1.5708,0.01,10.0,0.1,730.0,0.0009989142417907715
499.0,1.5708,0.0,0.01,10.0,260.0,0.0009467005729675293
7262.0,1.5708,0.01,10.0,1.0,999.0,0.0015226006507873535
499.0,1.5708,0.01,0.1,10.0,190.0,0.000927656888961792
499.0,1.5708,10.0,0.1,0.0,510.0,0.0009908676147460938
499.0,1.5708,10.0,1.0,0.0,999.0,0.0009397268295288086
499.0,1.5708,10.0,0.1,0.01,999.0,0.3994704484939575
499.0,1.5708,0.01,10.0,1.0,880.0,0.000988990068435669
9736.0,1.5708,0.0,10.0,0.0,410.0,0.0009324848651885986
9736.0,1.5708,0.0,0.01,0.01,520.0,0.0009881854057312012
499.0,1.5708,0.1,0.1,10.0,310.0,0.0008908212184906006
9736.0,1.5708,0.01,0.01,0.0,240.0,0.0008390545845031738
499.0,1.5708,1.0,0.0,0.1,220.0,0.0008437037467956543
9736.0,1.5708,0.01,0.0,0.0,200.0,0.0009854435920715332
9736.0,1.5708,0.01,1.0,0.0,320.0,0.000976860523223877
499.0,1.5708,0.1,1.0,1.0,999.0,0.0013428330421447754
9736.0,1.5708,0.0,0.1,0.01,460.0,0.0009308755397796631
9736.0,1.5708,0.01,0.1,0.0,580.0,0.000951230525970459
499.0,1.5708,0.01,1.0,10.0,680.0,0.0009937286376953125
499.0,1.5708,10.0,10.0,0.01,999.0,0.17441773414611816
499.0,1.5708,0.1,10.0,0.1,999.0,0.0010010302066802979
9736.0,1.5708,0.0,0.0,0.01,160.0,0.0009810328483581543
499.0,1.5708,10.0,0.0,0.1,400.0,0.0008574724197387695
499.0,1.5708,10.0,0.01,0.1,999.0,0.41245919466018677
9736.0,1.5708,0.01,10.0,0.0,410.0,0.0008957087993621826
9736.0,1.5708,0.1,0.01,0.0,430.0,0.0009659528732299805
499.0,1.5708,1.0,0.01,10.0,999.0,0.9420953989028931
9736.0,1.5708,0.0,1.0,0.1,950.0,0.0009927749633789062
7262.0,1.5708,10.0,1.0,10.0,999.0,0.0014853477478027344
9736.0,1.5708,0.0,0.0,0.1,180.0,0.0009783804416656494
7262.0,1.5708,0.1,1.0,10.0,999.0,0.0010520219802856445
9736.0,1.5708,0.01,0.01,0.01,210.0,0.0009140372276306152
499.0,1.5708,1.0,0.0,1.0,480.0,0.0009050071239471436
9736.0,1.5708,0.01,0.0,0.01,370.0,0.000937044620513916
9736.0,1.5708,0.1,0.1,0.0,310.0,0.0009143948554992676
9736.0,1.5708,0.01,1.0,0.01,740.0,0.0009509027004241943
499.0,1.5708,1.0,1.0,1.0,999.0,0.002130836248397827
9736.0,1.5708,0.0,0.0,1.0,140.0,0.0008111000061035156
9736.0,1.5708,0.1,0.01,0.01,200.0,0.0009520947933197021
9736.0,1.5708,0.01,0.01,0.1,520.0,0.0009447932243347168
499.0,1.5708,10.0,0.0,1.0,300.0,0.0009917914867401123
9736.0,1.5708,0.0,10.0,0.01,310.0,0.0009655654430389404
499.0,1.5708,1.0,0.1,10.0,999.0,0.016945481300354004
9736.0,1.5708,0.0,0.01,0.1,370.0,0.0009417533874511719
9736.0,1.5708,0.0,0.1,0.1,430.0,0.0009081065654754639
499.0,1.5708,0.01,10.0,10.0,999.0,0.0011789202690124512
499.0,1.5708,1.0,10.0,1.0,999.0,0.002063661813735962
9736.0,1.5708,0.0,0.0,10.0,170.0,0.0009546875953674316
9736.0,1.5708,0.1,0.01,0.1,280.0,0.0009349286556243896
499.0,1.5708,10.0,0.1,0.1,999.0,0.41238492727279663
9736.0,1.5708,0.01,0.1,0.01,320.0,0.000835716724395752
9736.0,1.5708,0.1,0.1,0.01,520.0,0.0009543299674987793
7262.0,1.5708,0.01,10.0,10.0,999.0,0.0018464326858520508
9736.0,1.5708,0.1,10.0,0.0,460.0,0.0009636878967285156
9736.0,1.5708,0.1,1.0,0.0,320.0,0.0009978711605072021
499.0,1.5708,10.0,0.0,10.0,390.0,0.0009486079216003418
499.0,1.5708,1.0,0.0,10.0,510.0,0.0008689165115356445
9736.0,1.5708,0.0,10.0,0.1,350.0,0.0009924769401550293
9736.0,1.5708,0.0,0.01,1.0,430.0,0.0009472668170928955
9736.0,1.5708,0.0,1.0,1.0,999.0,0.0014348626136779785
9736.0,1.5708,0.1,0.01,1.0,170.0,0.0007743239402770996
9736.0,1.5708,0.01,0.0,0.1,170.0,0.0008298754692077637
9736.0,1.5708,0.01,0.01,1.0,320.0,0.0009891390800476074
499.0,1.5708,0.1,1.0,10.0,630.0,0.0009889602661132812
9736.0,1.5708,0.0,0.1,1.0,520.0,0.0009038448333740234
9736.0,1.5708,0.01,0.1,0.1,620.0,0.0009870827198028564
9736.0,1.5708,0.1,0.0,0.01,210.0,0.000970304012298584
9736.0,1.5708,1.0,0.0,0.0,999.0,0.054630130529403687
499.0,1.5708,0.1,10.0,1.0,999.0,0.0010588765144348145
9736.0,1.5708,0.1,1.0,0.01,360.0,0.0009700357913970947
9736.0,1.5708,1.0,0.01,0.0,999.0,0.9353795647621155
9736.0,1.5708,0.01,1.0,0.1,540.0,0.0009495913982391357
9736.0,1.5708,0.01,10.0,0.1,660.0,0.0009744763374328613
9736.0,1.5708,0.01,0.0,1.0,200.0,0.0009826421737670898
9736.0,1.5708,0.0,10.0,1.0,999.0,0.0010970234870910645
9736.0,1.5708,1.0,0.1,0.0,830.0,0.0009759664535522461
9736.0,1.5708,0.01,0.01,10.0,190.0,0.0008898377418518066
9736.0,1.5708,0.0,0.01,10.0,490.0,0.0009018480777740479
9736.0,1.5708,0.1,10.0,0.01,250.0,0.0009608268737792969
499.0,1.5708,1.0,1.0,10.0,999.0,0.0016498267650604248
9736.0,1.5708,0.1,0.0,0.1,170.0,0.0009521245956420898
9736.0,1.5708,10.0,0.01,0.0,999.0,0.4275568723678589
9736.0,1.5708,10.0,0.1,0.0,999.0,0.4063437581062317
9736.0,1.5708,0.01,0.0,10.0,230.0,0.0009996592998504639
9736.0,1.5708,0.1,0.0,1.0,240.0,0.00090789794921875
9736.0,1.5708,0.1,10.0,0.1,390.0,0.0009439289569854736
9736.0,1.5708,10.0,1.0,0.0,890.0,0.0009949803352355957
9736.0,1.5708,0.0,0.1,10.0,540.0,0.0009015500545501709
499.0,1.5708,10.0,0.1,1.0,999.0,0.41296839714050293
499.0,1.5708,1.0,10.0,10.0,999.0,0.0009751021862030029
9736.0,1.5708,10.0,10.0,0.0,470.0,0.0009948015213012695
9736.0,1.5708,0.01,0.1,1.0,410.0,0.0009532570838928223
9736.0,1.5708,0.01,1.0,1.0,999.0,0.001146942377090454
9736.0,1.5708,0.1,0.0,10.0,370.0,0.0009745955467224121
6654.0,1.5708,0.0,0.0,0.0,200.0,0.0009098649024963379
9736.0,1.5708,0.01,10.0,1.0,690.0,0.0009351670742034912
9736.0,1.5708,10.0,0.0,0.01,999.0,0.0010429322719573975
9736.0,1.5708,0.1,10.0,1.0,999.0,0.004043936729431152
9736.0,1.5708,1.0,0.1,0.01,660.0,0.000980079174041748
6654.0,1.5708,0.0,0.1,0.0,410.0,0.0009759664535522461
9736.0,1.5708,1.0,10.0,0.01,710.0,0.0009956955909729004
6654.0,1.5708,0.0,0.0,0.01,170.0,0.0009924769401550293
9736.0,1.5708,1.0,0.0,0.01,600.0,0.0009962916374206543
6654.0,1.5708,0.0,0.01,0.01,210.0,0.0008235573768615723
9736.0,1.5708,0.01,0.1,10.0,580.0,0.0009330511093139648
499.0,1.5708,0.1,10.0,10.0,730.0,0.0009111166000366211
6654.0,1.5708,0.01,0.0,0.0,770.0,0.0009204745292663574
9736.0,1.5708,1.0,1.0,0.1,500.0,0.0009472966194152832
6654.0,1.5708,0.0,0.0,0.1,220.0,0.000944674015045166
6654.0,1.5708,0.0,0.01,0.1,200.0,0.0009362399578094482
6654.0,1.5708,0.01,0.01,0.0,370.0,0.000993102788925171
6654.0,1.5708,0.0,0.1,0.01,320.0,0.0009357035160064697
6654.0,1.5708,0.01,1.0,0.0,210.0,0.000993967056274414
